x-axis,1,2
second,Volt,Volt
-120.0000E-06,-2.6532663032E+00,-2.7336683124E+00
-119.9000E-06,-2.5613782927E+00,-2.7681263164E+00
-119.8000E-06,-2.4924622849E+00,-2.7221823111E+00
-119.7000E-06,-2.5384062901E+00,-2.7106963098E+00
-119.6000E-06,-2.5384062901E+00,-2.7106963098E+00
-119.5000E-06,-2.5728642941E+00,-2.7106963098E+00
-119.4000E-06,-2.5843502954E+00,-2.7336683124E+00
-119.3000E-06,-2.7336683124E+00,-2.7336683124E+00
-119.2000E-06,-2.5843502954E+00,-2.8485283256E+00
-119.1000E-06,-2.5728642941E+00,-2.8025843203E+00
-119.0000E-06,-2.6073222980E+00,-2.7336683124E+00
-118.9000E-06,-2.5728642941E+00,-2.6417803019E+00
-118.8000E-06,-2.6417803019E+00,-2.6647523046E+00
-118.7000E-06,-2.6073222980E+00,-2.8600143269E+00
-118.6000E-06,-2.4924622849E+00,-2.7336683124E+00
-118.5000E-06,-2.4465182796E+00,-2.7336683124E+00
-118.4000E-06,-2.6417803019E+00,-2.7336683124E+00
-118.3000E-06,-2.5154342875E+00,-2.7910983190E+00
-118.2000E-06,-2.5154342875E+00,-2.6992103085E+00
-118.1000E-06,-2.5613782927E+00,-2.8025843203E+00
-118.0000E-06,-2.5728642941E+00,-2.7336683124E+00
-117.9000E-06,-2.4924622849E+00,-2.7336683124E+00
-117.8000E-06,-2.5613782927E+00,-2.6992103085E+00
-117.7000E-06,-2.5613782927E+00,-2.8715003282E+00
-117.6000E-06,-2.4809762835E+00,-2.8485283256E+00
-117.5000E-06,-2.5154342875E+00,-2.7106963098E+00
-117.4000E-06,-2.5039482862E+00,-2.7451543137E+00
-117.3000E-06,-2.5269202888E+00,-2.6992103085E+00
-117.2000E-06,-2.4924622849E+00,-2.6532663032E+00
-117.1000E-06,-2.5498922914E+00,-2.6417803019E+00
-117.0000E-06,-2.5039482862E+00,-2.7336683124E+00
-116.9000E-06,-2.4924622849E+00,-2.6762383059E+00
-116.8000E-06,-2.6302943006E+00,-2.7336683124E+00
-116.7000E-06,-2.5039482862E+00,-2.5843502954E+00
-116.6000E-06,-2.3776022717E+00,-2.6532663032E+00
-116.5000E-06,-2.3316582665E+00,-2.7336683124E+00
-116.4000E-06,-2.4809762835E+00,-2.5728642941E+00
-116.3000E-06,-2.4924622849E+00,-2.7910983190E+00
-116.2000E-06,-2.3890882731E+00,-2.6877243072E+00
-116.1000E-06,-2.3546302691E+00,-2.6417803019E+00
-116.0000E-06,-2.4694902822E+00,-2.6302943006E+00
-115.9000E-06,-2.4005742744E+00,-2.5728642941E+00
-115.8000E-06,-2.6532663032E+00,-2.5728642941E+00
-115.7000E-06,-2.4120602757E+00,-2.5728642941E+00
-115.6000E-06,-2.3431442678E+00,-2.6417803019E+00
-115.5000E-06,-2.2512562573E+00,-2.5384062901E+00
-115.4000E-06,-2.3661162704E+00,-2.5154342875E+00
-115.3000E-06,-2.3890882731E+00,-2.4350322783E+00
-115.2000E-06,-2.4120602757E+00,-2.5154342875E+00
-115.1000E-06,-2.2512562573E+00,-2.5728642941E+00
-115.0000E-06,-2.2857142612E+00,-2.4924622849E+00
-114.9000E-06,-2.3316582665E+00,-2.4924622849E+00
-114.8000E-06,-2.1478822455E+00,-2.5269202888E+00
-114.7000E-06,-2.2282842547E+00,-2.4350322783E+00
-114.6000E-06,-2.3890882731E+00,-2.4809762836E+00
-114.5000E-06,-2.2512562573E+00,-2.4120602757E+00
-114.4000E-06,-2.2512562573E+00,-2.3316582665E+00
-114.3000E-06,-2.1823402494E+00,-2.4120602757E+00
-114.2000E-06,-2.2397702560E+00,-2.3201722652E+00
-114.1000E-06,-2.1938262507E+00,-2.3546302691E+00
-114.0000E-06,-2.1478822455E+00,-2.3316582665E+00
-113.9000E-06,-2.2397702560E+00,-2.2627422586E+00
-113.8000E-06,-2.0904522389E+00,-2.3776022717E+00
-113.7000E-06,-2.2512562573E+00,-2.4120602757E+00
-113.6000E-06,-2.0789662376E+00,-2.2167982534E+00
-113.5000E-06,-2.1363962442E+00,-2.3201722652E+00
-113.4000E-06,-2.0100502297E+00,-2.3316582665E+00
-113.3000E-06,-1.9641062245E+00,-2.1823402494E+00
-113.2000E-06,-2.0330222323E+00,-2.2397702560E+00
-113.1000E-06,-1.9526202232E+00,-2.1823402494E+00
-113.0000E-06,-2.0100502297E+00,-2.0904522389E+00
-112.9000E-06,-1.9296482205E+00,-2.2053122520E+00
-112.8000E-06,-1.8492462113E+00,-2.1708542481E+00
-112.7000E-06,-1.8722182140E+00,-2.1478822455E+00
-112.6000E-06,-1.9870782271E+00,-2.0904522389E+00
-112.5000E-06,-1.8607322127E+00,-2.0789662376E+00
-112.4000E-06,-1.9296482205E+00,-2.1249102429E+00
-112.3000E-06,-1.7688442022E+00,-2.0100502297E+00
-112.2000E-06,-1.7688442022E+00,-1.8722182140E+00
-112.1000E-06,-1.8262742087E+00,-2.0904522389E+00
-112.0000E-06,-1.7918162048E+00,-1.8951902166E+00
-111.9000E-06,-1.7458721995E+00,-2.0674802363E+00
-111.8000E-06,-1.8262742087E+00,-1.9296482205E+00
-111.7000E-06,-1.7229001969E+00,-1.8492462113E+00
-111.6000E-06,-1.7688442022E+00,-1.8492462113E+00
-111.5000E-06,-1.6539841890E+00,-1.8837042153E+00
-111.4000E-06,-1.6080401838E+00,-1.7918162048E+00
-111.3000E-06,-1.6654701904E+00,-1.7918162048E+00
-111.2000E-06,-1.5965541825E+00,-1.8262742087E+00
-111.1000E-06,-1.6654701904E+00,-1.5735821798E+00
-111.0000E-06,-1.5161521733E+00,-1.7229001969E+00
-110.9000E-06,-1.3668341562E+00,-1.5276381746E+00
-110.8000E-06,-1.5735821798E+00,-1.7343861982E+00
-110.7000E-06,-1.5850681811E+00,-1.6654701903E+00
-110.6000E-06,-1.4472361654E+00,-1.7114141956E+00
-110.5000E-06,-1.2519741431E+00,-1.5391241759E+00
-110.4000E-06,-1.3668341562E+00,-1.5965541825E+00
-110.3000E-06,-1.4472361654E+00,-1.4931801706E+00
-110.2000E-06,-1.2060301378E+00,-1.5276381746E+00
-110.1000E-06,-1.3553481549E+00,-1.5620961785E+00
-110.0000E-06,-1.2175161392E+00,-1.4472361654E+00
-109.9000E-06,-1.2864321470E+00,-1.3668341562E+00
-109.8000E-06,-1.2060301378E+00,-1.4472361654E+00
-109.7000E-06,-1.3668341562E+00,-1.4587221667E+00
-109.6000E-06,-1.1141421273E+00,-1.3323761523E+00
-109.5000E-06,-1.2060301378E+00,-1.3668341562E+00
-109.4000E-06,-1.0796841234E+00,-1.3668341562E+00
-109.3000E-06,-1.1026561260E+00,-1.2864321470E+00
-109.2000E-06,-1.0222541168E+00,-1.2864321470E+00
-109.1000E-06,-964.8241103E-03,-1.2290021405E+00
-109.0000E-06,-976.3101116E-03,-1.0796841234E+00
-108.9000E-06,-1.0452261195E+00,-1.2404881418E+00
-108.8000E-06,-884.4221011E-03,-1.2060301378E+00
-108.7000E-06,-964.8241103E-03,-1.0911701247E+00
-108.6000E-06,-884.4221011E-03,-1.1945441365E+00
-108.5000E-06,-861.4500985E-03,-1.0452261195E+00
-108.4000E-06,-884.4221011E-03,-1.0107681155E+00
-108.3000E-06,-861.4500985E-03,-976.3101116E-03
-108.2000E-06,-735.1040840E-03,-918.8801050E-03
-108.1000E-06,-804.0200919E-03,-884.4221011E-03
-108.0000E-06,-677.6740774E-03,-976.3101116E-03
-107.9000E-06,-654.7020748E-03,-872.9360998E-03
-107.8000E-06,-620.2440709E-03,-804.0200919E-03
-107.7000E-06,-666.1880761E-03,-884.4221011E-03
-107.6000E-06,-585.7860669E-03,-872.9360998E-03
-107.5000E-06,-562.8140643E-03,-723.6180827E-03
-107.4000E-06,-643.2160735E-03,-723.6180827E-03
-107.3000E-06,-551.3280630E-03,-689.1600788E-03
-107.2000E-06,-493.8980565E-03,-643.2160735E-03
-107.1000E-06,-402.0100459E-03,-643.2160735E-03
-107.0000E-06,-367.5520420E-03,-562.8140643E-03
-106.9000E-06,-413.4960473E-03,-562.8140643E-03
-106.8000E-06,-367.5520420E-03,-528.3560604E-03
-106.7000E-06,-321.6080368E-03,-482.4120551E-03
-106.6000E-06,-241.2060276E-03,-436.4680499E-03
-106.5000E-06,-333.0940381E-03,-482.4120551E-03
-106.4000E-06,-298.6360341E-03,-424.9820486E-03
-106.3000E-06,-241.2060276E-03,-459.4400525E-03
-106.2000E-06,-356.0660407E-03,-321.6080368E-03
-106.1000E-06,-229.7200263E-03,-356.0660407E-03
-106.0000E-06,-80.4020092E-03,-160.8040184E-03
-105.9000E-06,-68.9160079E-03,-241.2060276E-03
-105.8000E-06,-34.4580040E-03,-183.7760210E-03
-105.7000E-06,-22.9720026E-03,-241.2060276E-03
-105.6000E-06,-114.8600131E-03,-183.7760210E-03
-105.5000E-06,-22.9720026E-03,-80.4020092E-03
-105.4000E-06,+0.0E+00,-34.4580039E-03
-105.3000E-06,+0.0E+00,+0.0E+00
-105.2000E-06,+126.3460144E-03,+45.9440053E-03
-105.1000E-06,+160.8040184E-03,-57.4300065E-03
-105.0000E-06,+183.7760210E-03,-34.4580040E-03
-104.9000E-06,+264.1780302E-03,-57.4300066E-03
-104.8000E-06,+298.6360341E-03,+80.4020092E-03
-104.7000E-06,+275.6640315E-03,+126.3460144E-03
-104.6000E-06,+321.6080367E-03,+160.8040184E-03
-104.5000E-06,+241.2060276E-03,+68.9160079E-03
-104.4000E-06,+252.6920289E-03,+160.8040184E-03
-104.3000E-06,+344.5800394E-03,+298.6360341E-03
-104.2000E-06,+424.9820486E-03,+183.7760210E-03
-104.1000E-06,+402.0100459E-03,+390.5240446E-03
-104.0000E-06,+447.9540512E-03,+275.6640315E-03
-103.9000E-06,+482.4120551E-03,+402.0100459E-03
-103.8000E-06,+528.3560604E-03,+367.5520420E-03
-103.7000E-06,+482.4120551E-03,+470.9260538E-03
-103.6000E-06,+562.8140643E-03,+505.3840578E-03
-103.5000E-06,+597.2720682E-03,+539.8420617E-03
-103.4000E-06,+712.1320814E-03,+562.8140643E-03
-103.3000E-06,+643.2160735E-03,+562.8140643E-03
-103.2000E-06,+804.0200919E-03,+723.6180827E-03
-103.1000E-06,+723.6180827E-03,+562.8140643E-03
-103.0000E-06,+666.1880762E-03,+712.1320814E-03
-102.9000E-06,+804.0200919E-03,+643.2160735E-03
-102.8000E-06,+804.0200919E-03,+723.6180827E-03
-102.7000E-06,+804.0200919E-03,+654.7020748E-03
-102.6000E-06,+895.9081024E-03,+769.5620879E-03
-102.5000E-06,+884.4221011E-03,+804.0200919E-03
-102.4000E-06,+884.4221011E-03,+930.3661063E-03
-102.3000E-06,+826.9920945E-03,+872.9360998E-03
-102.2000E-06,+941.8521077E-03,+907.3941037E-03
-102.1000E-06,+1.0222541168E+00,+1.1026561260E+00
-102.0000E-06,+1.0222541169E+00,+872.9360998E-03
-101.9000E-06,+1.0107681155E+00,+1.0107681155E+00
-101.8000E-06,+1.2060301378E+00,+1.0452261195E+00
-101.7000E-06,+1.0452261195E+00,+999.2821142E-03
-101.6000E-06,+1.1256281286E+00,+1.0337401181E+00
-101.5000E-06,+1.2060301378E+00,+1.0452261195E+00
-101.4000E-06,+1.2175161391E+00,+1.1026561260E+00
-101.3000E-06,+1.1371141300E+00,+1.1715721339E+00
-101.2000E-06,+1.1945441365E+00,+1.2060301378E+00
-101.1000E-06,+1.2060301378E+00,+1.1256281286E+00
-101.0000E-06,+1.2060301378E+00,+1.2519741431E+00
-100.9000E-06,+1.2979181483E+00,+1.2864321470E+00
-100.8000E-06,+1.2519741431E+00,+1.3668341562E+00
-100.7000E-06,+1.3094041497E+00,+1.2634601444E+00
-100.6000E-06,+1.2864321470E+00,+1.3898061588E+00
-100.5000E-06,+1.4472361654E+00,+1.3553481549E+00
-100.4000E-06,+1.3668341562E+00,+1.3668341562E+00
-100.3000E-06,+1.3323761523E+00,+1.4931801707E+00
-100.2000E-06,+1.4357501641E+00,+1.3783201575E+00
-100.1000E-06,+1.5276381746E+00,+1.4472361654E+00
-100.0000E-06,+1.4931801707E+00,+1.5850681811E+00
-99.9000E-06,+1.5965541825E+00,+1.4472361654E+00
-99.8000E-06,+1.5161521733E+00,+1.4816941694E+00
-99.7000E-06,+1.6080401838E+00,+1.5276381746E+00
-99.6000E-06,+1.6539841890E+00,+1.5735821799E+00
-99.5000E-06,+1.4816941694E+00,+1.6080401838E+00
-99.4000E-06,+1.5735821798E+00,+1.6310121864E+00
-99.3000E-06,+1.6310121864E+00,+1.6424981877E+00
-99.2000E-06,+1.6884421930E+00,+1.6884421930E+00
-99.1000E-06,+1.7803302035E+00,+1.6999281943E+00
-99.0000E-06,+1.7688442022E+00,+1.6884421930E+00
-98.9000E-06,+1.7688442022E+00,+1.8033022061E+00
-98.8000E-06,+1.6999281943E+00,+1.8951902166E+00
-98.7000E-06,+1.7918162048E+00,+1.7229001969E+00
-98.6000E-06,+1.6999281943E+00,+1.9066762179E+00
-98.5000E-06,+1.9296482205E+00,+1.9181622192E+00
-98.4000E-06,+1.7573582009E+00,+1.8837042153E+00
-98.3000E-06,+1.9296482205E+00,+2.0100502297E+00
-98.2000E-06,+1.8837042153E+00,+1.9296482205E+00
-98.1000E-06,+1.8607322127E+00,+1.9296482205E+00
-98.0000E-06,+1.8837042153E+00,+1.9641062245E+00
-97.9000E-06,+1.9870782271E+00,+2.0904522389E+00
-97.8000E-06,+1.9641062244E+00,+1.9411342218E+00
-97.7000E-06,+2.0904522389E+00,+1.9641062245E+00
-97.6000E-06,+2.0904522389E+00,+2.0904522389E+00
-97.5000E-06,+2.0445082337E+00,+2.0559942350E+00
-97.4000E-06,+2.0215362311E+00,+2.0330222324E+00
-97.3000E-06,+2.0904522389E+00,+2.1938262507E+00
-97.2000E-06,+2.0559942350E+00,+1.9526202232E+00
-97.1000E-06,+2.1708542481E+00,+2.1708542481E+00
-97.0000E-06,+2.2397702560E+00,+2.1363962442E+00
-96.9000E-06,+2.0904522389E+00,+2.1708542481E+00
-96.8000E-06,+2.0904522389E+00,+2.2857142612E+00
-96.7000E-06,+2.1019382402E+00,+2.3086862638E+00
-96.6000E-06,+2.2167982533E+00,+2.1363962441E+00
-96.5000E-06,+2.2512562573E+00,+2.3086862638E+00
-96.4000E-06,+2.2512562573E+00,+2.3316582665E+00
-96.3000E-06,+2.2053122521E+00,+2.3316582665E+00
-96.2000E-06,+2.1708542481E+00,+2.2512562573E+00
-96.1000E-06,+2.2627422586E+00,+2.2857142612E+00
-96.0000E-06,+2.3086862638E+00,+2.3201722652E+00
-95.9000E-06,+2.1708542481E+00,+2.3316582665E+00
-95.8000E-06,+2.1938262507E+00,+2.3890882730E+00
-95.7000E-06,+2.1708542481E+00,+2.3661162704E+00
-95.6000E-06,+2.3201722652E+00,+2.4924622849E+00
-95.5000E-06,+2.4924622848E+00,+2.2512562573E+00
-95.4000E-06,+2.4120602757E+00,+2.3661162704E+00
-95.3000E-06,+2.3316582665E+00,+2.2742282599E+00
-95.2000E-06,+2.3316582665E+00,+2.3890882731E+00
-95.1000E-06,+2.3546302691E+00,+2.3316582665E+00
-95.0000E-06,+2.2627422586E+00,+2.5384062902E+00
-94.9000E-06,+2.4120602757E+00,+2.4809762836E+00
-94.8000E-06,+2.3316582665E+00,+2.4924622848E+00
-94.7000E-06,+2.3546302691E+00,+2.5728642941E+00
-94.6000E-06,+2.3431442678E+00,+2.5039482862E+00
-94.5000E-06,+2.4120602757E+00,+2.4924622849E+00
-94.4000E-06,+2.3086862638E+00,+2.4120602757E+00
-94.3000E-06,+2.4809762836E+00,+2.4809762836E+00
-94.2000E-06,+2.4465182796E+00,+2.4924622849E+00
-94.1000E-06,+2.4924622848E+00,+2.5728642941E+00
-94.0000E-06,+2.4235462770E+00,+2.5728642941E+00
-93.9000E-06,+2.4350322783E+00,+2.5728642941E+00
-93.8000E-06,+2.4120602757E+00,+2.5958362967E+00
-93.7000E-06,+2.4120602757E+00,+2.5269202888E+00
-93.6000E-06,+2.4694902823E+00,+2.5843502954E+00
-93.5000E-06,+2.4580042809E+00,+2.6188082993E+00
-93.4000E-06,+2.4924622849E+00,+2.6532663032E+00
-93.3000E-06,+2.5269202888E+00,+2.5384062901E+00
-93.2000E-06,+2.4809762835E+00,+2.5843502954E+00
-93.1000E-06,+2.4350322783E+00,+2.5498922914E+00
-93.0000E-06,+2.5728642941E+00,+2.7336683124E+00
-92.9000E-06,+2.4235462770E+00,+2.6532663032E+00
-92.8000E-06,+2.4465182796E+00,+2.5384062901E+00
-92.7000E-06,+2.5728642941E+00,+2.5728642941E+00
-92.6000E-06,+2.4120602757E+00,+2.5613782927E+00
-92.5000E-06,+2.4809762835E+00,+2.6302943006E+00
-92.4000E-06,+2.5154342875E+00,+2.6877243072E+00
-92.3000E-06,+2.4694902822E+00,+2.5498922914E+00
-92.2000E-06,+2.4235462770E+00,+2.5154342875E+00
-92.1000E-06,+2.4580042809E+00,+2.6302943006E+00
-92.0000E-06,+2.7336683124E+00,+2.6532663032E+00
-91.9000E-06,+2.4580042809E+00,+2.6188082993E+00
-91.8000E-06,+2.4235462770E+00,+2.5843502954E+00
-91.7000E-06,+2.4694902823E+00,+2.6073222980E+00
-91.6000E-06,+2.4005742744E+00,+2.5154342875E+00
-91.5000E-06,+2.5039482862E+00,+2.5843502953E+00
-91.4000E-06,+2.3776022717E+00,+2.5384062901E+00
-91.3000E-06,+2.5728642940E+00,+2.5728642941E+00
-91.2000E-06,+2.4120602757E+00,+2.6073222980E+00
-91.1000E-06,+2.4235462770E+00,+2.5498922914E+00
-91.0000E-06,+2.4694902823E+00,+2.4465182795E+00
-90.9000E-06,+2.4694902822E+00,+2.4005742744E+00
-90.8000E-06,+2.4235462770E+00,+2.5154342875E+00
-90.7000E-06,+2.3661162704E+00,+2.6188082993E+00
-90.6000E-06,+2.4924622849E+00,+2.4924622849E+00
-90.5000E-06,+2.4580042809E+00,+2.5843502954E+00
-90.4000E-06,+2.3776022717E+00,+2.4924622849E+00
-90.3000E-06,+2.4350322783E+00,+2.4120602757E+00
-90.2000E-06,+2.4694902822E+00,+2.5498922914E+00
-90.1000E-06,+2.3316582665E+00,+2.4235462770E+00
-90.0000E-06,+2.3316582665E+00,+2.4465182796E+00
-89.9000E-06,+2.3316582665E+00,+2.4924622848E+00
-89.8000E-06,+2.3661162704E+00,+2.4120602757E+00
-89.7000E-06,+2.4005742743E+00,+2.4924622849E+00
-89.6000E-06,+2.2742282599E+00,+2.4694902823E+00
-89.5000E-06,+2.4120602757E+00,+2.5498922914E+00
-89.4000E-06,+2.2397702560E+00,+2.4924622849E+00
-89.3000E-06,+2.2972002625E+00,+2.4120602757E+00
-89.2000E-06,+2.3316582665E+00,+2.2512562573E+00
-89.1000E-06,+2.1823402495E+00,+2.4235462770E+00
-89.0000E-06,+2.1823402494E+00,+2.4005742743E+00
-88.9000E-06,+2.2972002625E+00,+2.3316582665E+00
-88.8000E-06,+2.2742282599E+00,+2.3546302691E+00
-88.7000E-06,+2.1593682468E+00,+2.3201722652E+00
-88.6000E-06,+2.2053122521E+00,+2.2972002625E+00
-88.5000E-06,+2.2512562573E+00,+2.4120602756E+00
-88.4000E-06,+2.2167982534E+00,+2.3201722651E+00
-88.3000E-06,+2.1019382402E+00,+2.1938262508E+00
-88.2000E-06,+2.1134242415E+00,+2.2742282599E+00
-88.1000E-06,+2.1134242416E+00,+2.3546302691E+00
-88.0000E-06,+2.1593682468E+00,+2.3086862639E+00
-87.9000E-06,+2.0445082337E+00,+2.2167982533E+00
-87.8000E-06,+2.2512562572E+00,+2.1708542481E+00
-87.7000E-06,+2.1019382403E+00,+2.2053122520E+00
-87.6000E-06,+2.0100502297E+00,+2.1708542481E+00
-87.5000E-06,+2.0330222323E+00,+2.1938262507E+00
-87.4000E-06,+2.0674802363E+00,+2.1249102428E+00
-87.3000E-06,+2.0100502297E+00,+2.1708542481E+00
-87.2000E-06,+1.9641062245E+00,+2.1019382402E+00
-87.1000E-06,+1.8492462114E+00,+2.1708542481E+00
-87.0000E-06,+1.9296482205E+00,+2.0789662376E+00
-86.9000E-06,+1.9296482205E+00,+2.0904522389E+00
-86.8000E-06,+1.9870782271E+00,+1.9296482205E+00
-86.7000E-06,+1.8951902166E+00,+2.1478822455E+00
-86.6000E-06,+1.8033022060E+00,+2.0789662376E+00
-86.5000E-06,+1.8492462113E+00,+2.0100502297E+00
-86.4000E-06,+1.9296482205E+00,+2.0100502297E+00
-86.3000E-06,+1.8837042153E+00,+2.0100502297E+00
-86.2000E-06,+1.8607322127E+00,+1.8607322127E+00
-86.1000E-06,+1.8722182140E+00,+1.8377602100E+00
-86.0000E-06,+1.6310121864E+00,+1.9066762179E+00
-85.9000E-06,+1.7114141956E+00,+1.9755922258E+00
-85.8000E-06,+1.7573582009E+00,+1.7688442022E+00
-85.7000E-06,+1.6884421930E+00,+1.6884421930E+00
-85.6000E-06,+1.6884421930E+00,+1.7343861982E+00
-85.5000E-06,+1.5965541825E+00,+1.8377602100E+00
-85.4000E-06,+1.6080401838E+00,+1.8492462113E+00
-85.3000E-06,+1.6080401838E+00,+1.8033022061E+00
-85.2000E-06,+1.6080401838E+00,+1.6884421930E+00
-85.1000E-06,+1.5276381746E+00,+1.6539841890E+00
-85.0000E-06,+1.5276381746E+00,+1.6884421930E+00
-84.9000E-06,+1.4127781615E+00,+1.5620961785E+00
-84.8000E-06,+1.4816941694E+00,+1.6195261851E+00
-84.7000E-06,+1.4242641628E+00,+1.4931801706E+00
-84.6000E-06,+1.4702081680E+00,+1.5850681811E+00
-84.5000E-06,+1.3668341562E+00,+1.5276381746E+00
-84.4000E-06,+1.4472361654E+00,+1.4931801706E+00
-84.3000E-06,+1.3668341562E+00,+1.4472361654E+00
-84.2000E-06,+1.2979181482E+00,+1.4816941693E+00
-84.1000E-06,+1.2175161392E+00,+1.3898061589E+00
-84.0000E-06,+1.2175161391E+00,+1.4242641628E+00
-83.9000E-06,+1.1945441366E+00,+1.2864321470E+00
-83.8000E-06,+1.2060301378E+00,+1.3553481549E+00
-83.7000E-06,+1.2634601443E+00,+1.3323761523E+00
-83.6000E-06,+1.2864321470E+00,+1.2864321471E+00
-83.5000E-06,+1.1141421273E+00,+1.2519741431E+00
-83.4000E-06,+1.1830581352E+00,+1.2060301378E+00
-83.3000E-06,+1.1830581352E+00,+1.1486001313E+00
-83.2000E-06,+1.0452261195E+00,+1.1256281286E+00
-83.1000E-06,+953.3381090E-03,+1.1945441365E+00
-83.0000E-06,+1.0452261195E+00,+1.1141421274E+00
-82.9000E-06,+804.0200920E-03,+1.1256281286E+00
-82.8000E-06,+884.4221011E-03,+1.0452261195E+00
-82.7000E-06,+884.4221011E-03,+1.1026561260E+00
-82.6000E-06,+826.9920945E-03,+964.8241103E-03
-82.5000E-06,+849.9640972E-03,+1.0567121207E+00
-82.4000E-06,+758.0760866E-03,+884.4221011E-03
-82.3000E-06,+769.5620879E-03,+884.4221011E-03
-82.2000E-06,+723.6180827E-03,+884.4221011E-03
-82.1000E-06,+677.6740774E-03,+792.5340905E-03
-82.0000E-06,+781.0480892E-03,+804.0200919E-03
-81.9000E-06,+723.6180827E-03,+723.6180827E-03
-81.8000E-06,+643.2160735E-03,+861.4500984E-03
-81.7000E-06,+631.7300722E-03,+712.1320814E-03
-81.6000E-06,+608.7580696E-03,+689.1600787E-03
-81.5000E-06,+562.8140643E-03,+723.6180827E-03
-81.4000E-06,+620.2440710E-03,+562.8140643E-03
-81.3000E-06,+493.8980565E-03,+700.6460800E-03
-81.2000E-06,+482.4120551E-03,+620.2440709E-03
-81.1000E-06,+482.4120551E-03,+539.8420617E-03
-81.0000E-06,+390.5240447E-03,+505.3840577E-03
-80.9000E-06,+470.9260539E-03,+574.3000656E-03
-80.8000E-06,+402.0100459E-03,+402.0100460E-03
-80.7000E-06,+402.0100459E-03,+413.4960473E-03
-80.6000E-06,+252.6920289E-03,+321.6080368E-03
-80.5000E-06,+298.6360342E-03,+264.1780302E-03
-80.4000E-06,+298.6360341E-03,+241.2060276E-03
-80.3000E-06,+103.3740118E-03,+310.1220355E-03
-80.2000E-06,+126.3460144E-03,+333.0940380E-03
-80.1000E-06,+160.8040184E-03,+160.8040184E-03
-80.0000E-06,+68.9160078E-03,+241.2060276E-03
-79.9000E-06,+91.8880105E-03,+91.8880105E-03
-79.8000E-06,+172.2900198E-03,+126.3460144E-03
-79.7000E-06,-57.4300065E-03,+160.8040184E-03
-79.6000E-06,+0.0E+00,+149.3180171E-03
-79.5000E-06,-137.8320157E-03,+11.4860013E-03
-79.4000E-06,-0.0E+00,-80.4020092E-03
-79.3000E-06,-45.9440053E-03,+0.0E+00
-79.2000E-06,-80.4020092E-03,+68.9160079E-03
-79.1000E-06,-160.8040184E-03,+22.9720026E-03
-79.0000E-06,-45.9440053E-03,-137.8320157E-03
-78.9000E-06,-80.4020092E-03,-91.8880105E-03
-78.8000E-06,-206.7480236E-03,-275.6640315E-03
-78.7000E-06,-321.6080367E-03,-241.2060275E-03
-78.6000E-06,-275.6640315E-03,-126.3460145E-03
-78.5000E-06,-333.0940381E-03,-241.2060276E-03
-78.4000E-06,-344.5800394E-03,-344.5800394E-03
-78.3000E-06,-379.0380433E-03,-379.0380433E-03
-78.2000E-06,-402.0100459E-03,-402.0100459E-03
-78.1000E-06,-344.5800395E-03,-436.4680499E-03
-78.0000E-06,-482.4120552E-03,-402.0100459E-03
-77.9000E-06,-413.4960473E-03,-390.5240446E-03
-77.8000E-06,-562.8140643E-03,-551.3280630E-03
-77.7000E-06,-482.4120551E-03,-482.4120551E-03
-77.6000E-06,-585.7860670E-03,-539.8420617E-03
-77.5000E-06,-562.8140643E-03,-585.7860669E-03
-77.4000E-06,-585.7860670E-03,-551.3280631E-03
-77.3000E-06,-804.0200918E-03,-804.0200918E-03
-77.2000E-06,-597.2720682E-03,-643.2160735E-03
-77.1000E-06,-654.7020748E-03,-746.5900854E-03
-77.0000E-06,-758.0760867E-03,-666.1880761E-03
-76.9000E-06,-746.5900854E-03,-666.1880762E-03
-76.8000E-06,-826.9920945E-03,-815.5060932E-03
-76.7000E-06,-918.8801050E-03,-918.8801050E-03
-76.6000E-06,-723.6180827E-03,-884.4221011E-03
-76.5000E-06,-849.9640972E-03,-838.4780958E-03
-76.4000E-06,-964.8241103E-03,-1.0222541168E+00
-76.3000E-06,-987.7961129E-03,-941.8521077E-03
-76.2000E-06,-1.0452261195E+00,-1.0452261195E+00
-76.1000E-06,-1.1256281286E+00,-918.8801049E-03
-76.0000E-06,-999.2821142E-03,-1.0567121207E+00
-75.9000E-06,-1.1256281286E+00,-1.0452261195E+00
-75.8000E-06,-1.1256281286E+00,-1.0107681155E+00
-75.7000E-06,-1.1141421273E+00,-1.1371141300E+00
-75.6000E-06,-1.1830581352E+00,-1.1486001312E+00
-75.5000E-06,-1.1600861325E+00,-1.1830581352E+00
-75.4000E-06,-1.2290021404E+00,-1.2634601445E+00
-75.3000E-06,-1.1600861326E+00,-1.2979181483E+00
-75.2000E-06,-1.2060301379E+00,-1.2864321470E+00
-75.1000E-06,-1.3208901509E+00,-1.2749461457E+00
-75.0000E-06,-1.2749461457E+00,-1.4472361654E+00
-74.9000E-06,-1.1945441364E+00,-1.3094041496E+00
-74.8000E-06,-1.3094041497E+00,-1.4012921601E+00
-74.7000E-06,-1.2979181483E+00,-1.4357501641E+00
-74.6000E-06,-1.4472361654E+00,-1.4127781614E+00
-74.5000E-06,-1.5276381746E+00,-1.4472361654E+00
-74.4000E-06,-1.5161521732E+00,-1.5620961785E+00
-74.3000E-06,-1.5276381746E+00,-1.5161521733E+00
-74.2000E-06,-1.5506101772E+00,-1.6080401838E+00
-74.1000E-06,-1.4472361654E+00,-1.5506101772E+00
-74.0000E-06,-1.5850681812E+00,-1.6884421930E+00
-73.9000E-06,-1.6195261850E+00,-1.6080401838E+00
-73.8000E-06,-1.6080401838E+00,-1.6080401838E+00
-73.7000E-06,-1.5735821799E+00,-1.6769561916E+00
-73.6000E-06,-1.6884421930E+00,-1.7458721995E+00
-73.5000E-06,-1.6884421930E+00,-1.7458721996E+00
-73.4000E-06,-1.7688442022E+00,-1.9066762179E+00
-73.3000E-06,-1.6884421930E+00,-1.8377602101E+00
-73.2000E-06,-1.7229001969E+00,-1.7458721996E+00
-73.1000E-06,-1.6884421930E+00,-1.8492462113E+00
-73.0000E-06,-1.8147882074E+00,-1.8492462113E+00
-72.9000E-06,-1.7343861983E+00,-1.8377602100E+00
-72.8000E-06,-1.7918162048E+00,-1.9066762179E+00
-72.7000E-06,-1.8837042152E+00,-1.8492462113E+00
-72.6000E-06,-1.7803302034E+00,-1.9296482205E+00
-72.5000E-06,-1.9296482205E+00,-1.9296482205E+00
-72.4000E-06,-1.7688442022E+00,-2.0100502297E+00
-72.3000E-06,-1.9411342219E+00,-2.0445082336E+00
-72.2000E-06,-2.0100502297E+00,-2.0789662376E+00
-72.1000E-06,-1.9526202231E+00,-2.0674802363E+00
-72.0000E-06,-2.0100502297E+00,-2.0100502297E+00
-71.9000E-06,-2.0904522389E+00,-2.0445082336E+00
-71.8000E-06,-1.9296482205E+00,-2.0789662377E+00
-71.7000E-06,-2.1708542481E+00,-2.0904522389E+00
-71.6000E-06,-2.1134242415E+00,-2.1593682467E+00
-71.5000E-06,-2.1593682468E+00,-2.1708542481E+00
-71.4000E-06,-2.0674802363E+00,-2.2053122521E+00
-71.3000E-06,-2.0904522389E+00,-2.3086862638E+00
-71.2000E-06,-2.0904522389E+00,-2.2512562573E+00
-71.1000E-06,-2.0904522389E+00,-2.2512562573E+00
-71.0000E-06,-2.1708542481E+00,-2.1708542481E+00
-70.9000E-06,-2.2167982534E+00,-2.3316582665E+00
-70.8000E-06,-2.1134242416E+00,-2.2627422586E+00
-70.7000E-06,-2.1134242415E+00,-2.3086862639E+00
-70.6000E-06,-2.2053122520E+00,-2.2512562573E+00
-70.5000E-06,-2.1823402494E+00,-2.2627422586E+00
-70.4000E-06,-2.2512562573E+00,-2.4120602757E+00
-70.3000E-06,-2.2512562573E+00,-2.3316582665E+00
-70.2000E-06,-2.3316582665E+00,-2.4465182796E+00
-70.1000E-06,-2.3316582665E+00,-2.3431442678E+00
-70.0000E-06,-2.2742282599E+00,-2.4580042809E+00
-69.9000E-06,-2.2512562573E+00,-2.4694902822E+00
-69.8000E-06,-2.4120602757E+00,-2.4120602757E+00
-69.7000E-06,-2.3776022717E+00,-2.4924622849E+00
-69.6000E-06,-2.4120602756E+00,-2.4924622848E+00
-69.5000E-06,-2.4120602757E+00,-2.4465182796E+00
-69.4000E-06,-2.4120602757E+00,-2.4924622849E+00
-69.3000E-06,-2.4924622849E+00,-2.4694902823E+00
-69.2000E-06,-2.4120602757E+00,-2.4809762836E+00
-69.1000E-06,-2.5728642941E+00,-2.5613782928E+00
-69.0000E-06,-2.4120602757E+00,-2.5384062901E+00
-68.9000E-06,-2.4924622849E+00,-2.5728642941E+00
-68.8000E-06,-2.4465182796E+00,-2.5384062901E+00
-68.7000E-06,-2.4809762835E+00,-2.6532663032E+00
-68.6000E-06,-2.4120602757E+00,-2.6532663032E+00
-68.5000E-06,-2.4580042810E+00,-2.6877243071E+00
-68.4000E-06,-2.4809762836E+00,-2.6532663032E+00
-68.3000E-06,-2.6073222980E+00,-2.6992103085E+00
-68.2000E-06,-2.4924622849E+00,-2.5728642940E+00
-68.1000E-06,-2.5269202888E+00,-2.5728642941E+00
-68.0000E-06,-2.4235462770E+00,-2.8600143268E+00
-67.9000E-06,-2.6302943006E+00,-2.6188082992E+00
-67.8000E-06,-2.5154342875E+00,-2.6762383059E+00
-67.7000E-06,-2.6417803020E+00,-2.7221823111E+00
-67.6000E-06,-2.5154342876E+00,-2.7336683124E+00
-67.5000E-06,-2.5728642941E+00,-2.7336683124E+00
-67.4000E-06,-2.5269202888E+00,-2.8140703216E+00
-67.3000E-06,-2.5613782927E+00,-2.7221823111E+00
-67.2000E-06,-2.5728642941E+00,-2.6762383058E+00
-67.1000E-06,-2.5498922914E+00,-2.5843502955E+00
-67.0000E-06,-2.5843502953E+00,-2.8025843203E+00
-66.9000E-06,-2.5843502953E+00,-2.8025843204E+00
-66.8000E-06,-2.4924622849E+00,-2.7336683124E+00
-66.7000E-06,-2.5498922915E+00,-2.7451543138E+00
-66.6000E-06,-2.6532663032E+00,-2.7336683124E+00
-66.5000E-06,-2.5728642941E+00,-2.6762383058E+00
-66.4000E-06,-2.4350322783E+00,-2.7910983190E+00
-66.3000E-06,-2.5843502953E+00,-2.8715003282E+00
-66.2000E-06,-2.4465182796E+00,-2.8025843204E+00
-66.1000E-06,-2.5728642941E+00,-2.8140703216E+00
-66.0000E-06,-2.6073222980E+00,-2.6992103085E+00
-65.9000E-06,-2.6417803019E+00,-2.7451543138E+00
-65.8000E-06,-2.5498922915E+00,-2.8140703216E+00
-65.7000E-06,-2.5498922914E+00,-2.7336683124E+00
-65.6000E-06,-2.5843502953E+00,-2.7336683124E+00
-65.5000E-06,-2.5728642941E+00,-2.7336683124E+00
-65.4000E-06,-2.4924622849E+00,-2.8140703216E+00
-65.3000E-06,-2.5039482862E+00,-2.7910983191E+00
-65.2000E-06,-2.6992103084E+00,-2.7910983189E+00
-65.1000E-06,-2.5958362966E+00,-2.5958362966E+00
-65.0000E-06,-2.5728642941E+00,-2.8140703216E+00
-64.9000E-06,-2.5039482861E+00,-2.7336683124E+00
-64.8000E-06,-2.4924622849E+00,-2.7336683124E+00
-64.7000E-06,-2.5728642940E+00,-2.5728642941E+00
-64.6000E-06,-2.5728642941E+00,-2.7336683124E+00
-64.5000E-06,-2.5728642941E+00,-2.7336683124E+00
-64.4000E-06,-2.4465182797E+00,-2.7336683124E+00
-64.3000E-06,-2.5498922914E+00,-2.8370423243E+00
-64.2000E-06,-2.5498922915E+00,-2.7451543137E+00
-64.1000E-06,-2.4924622849E+00,-2.6877243072E+00
-64.0000E-06,-2.4120602757E+00,-2.8140703216E+00
-63.9000E-06,-2.3546302690E+00,-2.7221823111E+00
-63.8000E-06,-2.5613782927E+00,-2.7910983189E+00
-63.7000E-06,-2.4924622849E+00,-2.5728642941E+00
-63.6000E-06,-2.4350322783E+00,-2.6877243071E+00
-63.5000E-06,-2.4809762836E+00,-2.5039482861E+00
-63.4000E-06,-2.3661162705E+00,-2.6992103085E+00
-63.3000E-06,-2.4120602757E+00,-2.5728642941E+00
-63.2000E-06,-2.3316582665E+00,-2.5384062901E+00
-63.1000E-06,-2.4809762835E+00,-2.5728642941E+00
-63.0000E-06,-2.2397702559E+00,-2.6302943006E+00
-62.9000E-06,-2.3546302691E+00,-2.5613782928E+00
-62.8000E-06,-2.4694902823E+00,-2.6532663032E+00
-62.7000E-06,-2.3316582665E+00,-2.5728642941E+00
-62.6000E-06,-2.4120602756E+00,-2.5728642941E+00
-62.5000E-06,-2.3776022718E+00,-2.5384062901E+00
-62.4000E-06,-2.3316582665E+00,-2.3546302692E+00
-62.3000E-06,-2.3316582665E+00,-2.4350322783E+00
-62.2000E-06,-2.2167982534E+00,-2.4120602757E+00
-62.1000E-06,-2.3201722652E+00,-2.5613782928E+00
-62.0000E-06,-2.2167982533E+00,-2.3776022717E+00
-61.9000E-06,-2.1708542481E+00,-2.4924622848E+00
-61.8000E-06,-2.1363962442E+00,-2.3890882731E+00
-61.7000E-06,-2.2512562573E+00,-2.3316582665E+00
-61.6000E-06,-2.1938262507E+00,-2.3776022717E+00
-61.5000E-06,-2.1708542481E+00,-2.3316582665E+00
-61.4000E-06,-2.1019382402E+00,-2.4465182797E+00
-61.3000E-06,-2.2167982533E+00,-2.3776022717E+00
-61.2000E-06,-2.1708542482E+00,-2.1708542482E+00
-61.1000E-06,-2.0100502297E+00,-2.3776022718E+00
-61.0000E-06,-2.0904522389E+00,-2.2053122521E+00
-60.9000E-06,-1.9985642283E+00,-2.3546302691E+00
-60.8000E-06,-2.0445082336E+00,-2.3086862638E+00
-60.7000E-06,-1.8607322126E+00,-2.1938262507E+00
-60.6000E-06,-1.9870782270E+00,-2.1249102429E+00
-60.5000E-06,-2.0100502297E+00,-2.1708542482E+00
-60.4000E-06,-1.8837042153E+00,-2.1363962442E+00
-60.3000E-06,-1.9181622192E+00,-2.0215362311E+00
-60.2000E-06,-1.9066762179E+00,-2.1363962441E+00
-60.1000E-06,-1.8492462113E+00,-2.1134242416E+00
-60.0000E-06,-1.9755922259E+00,-2.0100502297E+00
-59.9000E-06,-1.9296482205E+00,-2.0789662377E+00
-59.8000E-06,-1.8492462114E+00,-2.0904522389E+00
-59.7000E-06,-1.8492462113E+00,-1.9296482205E+00
-59.6000E-06,-1.8492462113E+00,-2.0789662376E+00
-59.5000E-06,-1.8722182139E+00,-1.9870782271E+00
-59.4000E-06,-1.7114141956E+00,-1.9641062244E+00
-59.3000E-06,-1.6310121863E+00,-1.9296482205E+00
-59.2000E-06,-1.7343861982E+00,-1.8951902166E+00
-59.1000E-06,-1.7688442021E+00,-1.9296482205E+00
-59.0000E-06,-1.7229001969E+00,-1.8492462113E+00
-58.9000E-06,-1.5391241759E+00,-1.9870782270E+00
-58.8000E-06,-1.5735821798E+00,-1.8033022062E+00
-58.7000E-06,-1.5506101773E+00,-1.7343861983E+00
-58.6000E-06,-1.5965541825E+00,-1.8492462113E+00
-58.5000E-06,-1.6424981878E+00,-1.7803302034E+00
-58.4000E-06,-1.6884421929E+00,-1.7688442021E+00
-58.3000E-06,-1.4931801707E+00,-1.6539841891E+00
-58.2000E-06,-1.3783201576E+00,-1.7458721995E+00
-58.1000E-06,-1.4702081680E+00,-1.7918162048E+00
-58.0000E-06,-1.4816941693E+00,-1.7458721995E+00
-57.9000E-06,-1.3783201575E+00,-1.6195261851E+00
-57.8000E-06,-1.3668341562E+00,-1.6539841890E+00
-57.7000E-06,-1.3668341563E+00,-1.5276381746E+00
-57.6000E-06,-1.2749461456E+00,-1.5506101771E+00
-57.5000E-06,-1.4357501641E+00,-1.5276381746E+00
-57.4000E-06,-1.2290021404E+00,-1.4816941694E+00
-57.3000E-06,-1.2634601444E+00,-1.4242641627E+00
-57.2000E-06,-1.1371141299E+00,-1.5276381746E+00
-57.1000E-06,-1.2404881418E+00,-1.4127781614E+00
-57.0000E-06,-1.1256281287E+00,-1.4472361654E+00
-56.9000E-06,-1.0796841234E+00,-1.3323761523E+00
-56.8000E-06,-1.1371141300E+00,-1.3094041497E+00
-56.7000E-06,-1.1371141301E+00,-1.2060301378E+00
-56.6000E-06,-1.1256281286E+00,-1.2060301378E+00
-56.5000E-06,-1.0452261195E+00,-1.3553481549E+00
-56.4000E-06,-999.2821142E-03,-1.2060301378E+00
-56.3000E-06,-964.8241103E-03,-1.1256281287E+00
-56.2000E-06,-976.3101117E-03,-1.0911701247E+00
-56.1000E-06,-884.4221011E-03,-1.2060301378E+00
-56.0000E-06,-861.4500985E-03,-1.1945441367E+00
-55.9000E-06,-907.3941037E-03,-999.2821141E-03
-55.8000E-06,-872.9360998E-03,-1.0452261195E+00
-55.7000E-06,-815.5060931E-03,-976.3101115E-03
-55.6000E-06,-964.8241101E-03,-964.8241103E-03
-55.5000E-06,-758.0760866E-03,-918.8801050E-03
-55.4000E-06,-872.9360997E-03,-895.9081024E-03
-55.3000E-06,-781.0480893E-03,-884.4221011E-03
-55.2000E-06,-677.6740774E-03,-826.9920946E-03
-55.1000E-06,-643.2160735E-03,-872.9360998E-03
-55.0000E-06,-597.2720683E-03,-884.4221011E-03
-54.9000E-06,-562.8140643E-03,-804.0200919E-03
-54.8000E-06,-735.1040841E-03,-769.5620880E-03
-54.7000E-06,-551.3280630E-03,-792.5340905E-03
-54.6000E-06,-459.4400525E-03,-723.6180827E-03
-54.5000E-06,-379.0380433E-03,-608.7580696E-03
-54.4000E-06,-470.9260539E-03,-631.7300722E-03
-54.3000E-06,-436.4680499E-03,-528.3560603E-03
-54.2000E-06,-321.6080368E-03,-482.4120551E-03
-54.1000E-06,-275.6640315E-03,-436.4680498E-03
-54.0000E-06,-344.5800395E-03,-482.4120551E-03
-53.9000E-06,-344.5800393E-03,-505.3840577E-03
-53.8000E-06,-241.2060276E-03,-516.8700590E-03
-53.7000E-06,-172.2900197E-03,-402.0100459E-03
-53.6000E-06,-114.8600132E-03,-402.0100459E-03
-53.5000E-06,-321.6080367E-03,-321.6080368E-03
-53.4000E-06,-149.3180170E-03,-367.5520420E-03
-53.3000E-06,-149.3180170E-03,-321.6080368E-03
-53.2000E-06,-137.8320158E-03,-218.2340250E-03
-53.1000E-06,-80.4020092E-03,-218.2340249E-03
-53.0000E-06,-11.4860013E-03,-172.2900197E-03
-52.9000E-06,+68.9160080E-03,-206.7480236E-03
-52.8000E-06,+80.4020091E-03,-80.4020092E-03
-52.7000E-06,+34.4580039E-03,-45.9440053E-03
-52.6000E-06,+91.8880105E-03,-11.4860014E-03
-52.5000E-06,+34.4580040E-03,-57.4300066E-03
-52.4000E-06,+80.4020092E-03,-80.4020092E-03
-52.3000E-06,+229.7200263E-03,+68.9160079E-03
-52.2000E-06,+160.8040184E-03,+80.4020092E-03
-52.1000E-06,+241.2060276E-03,+160.8040183E-03
-52.0000E-06,+287.1500329E-03,+172.2900198E-03
-51.9000E-06,+172.2900197E-03,+172.2900197E-03
-51.8000E-06,+379.0380434E-03,+137.8320158E-03
-51.7000E-06,+344.5800394E-03,+252.6920288E-03
-51.6000E-06,+287.1500327E-03,+183.7760209E-03
-51.5000E-06,+413.4960472E-03,+241.2060276E-03
-51.4000E-06,+482.4120551E-03,+402.0100459E-03
-51.3000E-06,+402.0100459E-03,+356.0660407E-03
-51.2000E-06,+482.4120551E-03,+413.4960473E-03
-51.1000E-06,+585.7860669E-03,+402.0100459E-03
-51.0000E-06,+562.8140643E-03,+424.9820486E-03
-50.9000E-06,+631.7300722E-03,+470.9260539E-03
-50.8000E-06,+528.3560603E-03,+402.0100459E-03
-50.7000E-06,+643.2160735E-03,+562.8140643E-03
-50.6000E-06,+677.6740774E-03,+608.7580696E-03
-50.5000E-06,+654.7020749E-03,+631.7300722E-03
-50.4000E-06,+804.0200919E-03,+528.3560603E-03
-50.3000E-06,+769.5620880E-03,+643.2160735E-03
-50.2000E-06,+792.5340906E-03,+712.1320814E-03
-50.1000E-06,+769.5620879E-03,+597.2720683E-03
-50.0000E-06,+804.0200919E-03,+804.0200919E-03
-49.9000E-06,+849.9640972E-03,+804.0200919E-03
-49.8000E-06,+1.0107681154E+00,+735.1040841E-03
-49.7000E-06,+1.0222541169E+00,+861.4500985E-03
-49.6000E-06,+1.0107681156E+00,+884.4221011E-03
-49.5000E-06,+964.8241103E-03,+987.7961128E-03
-49.4000E-06,+999.2821142E-03,+976.3101115E-03
-49.3000E-06,+1.0452261195E+00,+964.8241103E-03
-49.2000E-06,+918.8801050E-03,+999.2821142E-03
-49.1000E-06,+999.2821143E-03,+1.0337401181E+00
-49.0000E-06,+1.1256281286E+00,+987.7961129E-03
-48.9000E-06,+1.1830581352E+00,+1.1600861325E+00
-48.8000E-06,+1.1945441366E+00,+1.1371141299E+00
-48.7000E-06,+1.1256281286E+00,+1.0452261195E+00
-48.6000E-06,+1.2060301378E+00,+1.2060301378E+00
-48.5000E-06,+1.2060301378E+00,+1.2060301378E+00
-48.4000E-06,+1.2175161392E+00,+1.2749461457E+00
-48.3000E-06,+1.3668341562E+00,+1.2175161390E+00
-48.2000E-06,+1.2290021405E+00,+1.2864321470E+00
-48.1000E-06,+1.3553481549E+00,+1.3783201575E+00
-48.0000E-06,+1.2864321470E+00,+1.3208901510E+00
-47.9000E-06,+1.3668341562E+00,+1.3668341562E+00
-47.8000E-06,+1.3668341562E+00,+1.4587221668E+00
-47.7000E-06,+1.4472361654E+00,+1.3783201576E+00
-47.6000E-06,+1.5046661720E+00,+1.4242641628E+00
-47.5000E-06,+1.5046661719E+00,+1.4472361654E+00
-47.4000E-06,+1.6769561917E+00,+1.4702081679E+00
-47.3000E-06,+1.4931801706E+00,+1.5391241758E+00
-47.2000E-06,+1.6884421929E+00,+1.4472361656E+00
-47.1000E-06,+1.6884421930E+00,+1.6080401838E+00
-47.0000E-06,+1.5391241759E+00,+1.6769561916E+00
-46.9000E-06,+1.5965541823E+00,+1.5506101772E+00
-46.8000E-06,+1.7688442022E+00,+1.6539841891E+00
-46.7000E-06,+1.6884421930E+00,+1.6080401838E+00
-46.6000E-06,+1.7229001970E+00,+1.6539841890E+00
-46.5000E-06,+1.6884421930E+00,+1.9296482204E+00
-46.4000E-06,+1.6769561916E+00,+1.7229001969E+00
-46.3000E-06,+1.7229001970E+00,+1.8377602100E+00
-46.2000E-06,+1.7114141956E+00,+1.6769561915E+00
-46.1000E-06,+1.8837042152E+00,+1.7688442022E+00
-46.0000E-06,+1.9296482205E+00,+1.8492462113E+00
-45.9000E-06,+1.8607322126E+00,+1.8951902166E+00
-45.8000E-06,+1.8492462114E+00,+1.7688442023E+00
-45.7000E-06,+1.8837042152E+00,+1.9411342219E+00
-45.6000E-06,+1.9985642284E+00,+1.8607322127E+00
-45.5000E-06,+1.8722182139E+00,+1.9755922257E+00
-45.4000E-06,+2.0100502297E+00,+1.9641062244E+00
-45.3000E-06,+1.9296482205E+00,+2.0100502297E+00
-45.2000E-06,+1.9296482205E+00,+2.0559942349E+00
-45.1000E-06,+2.1708542481E+00,+2.1708542480E+00
-45.0000E-06,+1.9755922258E+00,+2.0904522389E+00
-44.9000E-06,+2.0904522389E+00,+2.0674802362E+00
-44.8000E-06,+1.9755922257E+00,+2.1019382404E+00
-44.7000E-06,+2.0904522389E+00,+2.0100502297E+00
-44.6000E-06,+2.0100502297E+00,+2.0100502297E+00
-44.5000E-06,+2.0100502297E+00,+2.0100502297E+00
-44.4000E-06,+2.2512562572E+00,+2.0904522389E+00
-44.3000E-06,+2.1249102428E+00,+2.1708542481E+00
-44.2000E-06,+2.0904522389E+00,+2.1708542481E+00
-44.1000E-06,+2.0904522389E+00,+2.2512562573E+00
-44.0000E-06,+2.1708542481E+00,+2.2742282600E+00
-43.9000E-06,+2.1019382402E+00,+2.1938262506E+00
-43.8000E-06,+2.2053122521E+00,+2.2053122521E+00
-43.7000E-06,+2.1708542481E+00,+2.3316582664E+00
-43.6000E-06,+2.2167982534E+00,+2.3661162704E+00
-43.5000E-06,+2.1823402495E+00,+2.3201722651E+00
-43.4000E-06,+2.2857142613E+00,+2.3546302691E+00
-43.3000E-06,+2.1363962443E+00,+2.3086862638E+00
-43.2000E-06,+2.1708542481E+00,+2.3201722652E+00
-43.1000E-06,+2.2512562573E+00,+2.3316582665E+00
-43.0000E-06,+2.4120602756E+00,+2.4120602756E+00
-42.9000E-06,+2.2972002626E+00,+2.4924622849E+00
-42.8000E-06,+2.2627422587E+00,+2.4235462770E+00
-42.7000E-06,+2.3890882731E+00,+2.3546302691E+00
-42.6000E-06,+2.3890882730E+00,+2.4924622849E+00
-42.5000E-06,+2.3316582665E+00,+2.4235462769E+00
-42.4000E-06,+2.4120602757E+00,+2.3316582665E+00
-42.3000E-06,+2.4120602757E+00,+2.4120602757E+00
-42.2000E-06,+2.3890882732E+00,+2.4465182796E+00
-42.1000E-06,+2.2627422587E+00,+2.4235462770E+00
-42.0000E-06,+2.4120602757E+00,+2.4694902823E+00
-41.9000E-06,+2.4120602757E+00,+2.4924622849E+00
-41.8000E-06,+2.4809762836E+00,+2.4120602757E+00
-41.7000E-06,+2.3661162705E+00,+2.5728642941E+00
-41.6000E-06,+2.4120602758E+00,+2.4924622848E+00
-41.5000E-06,+2.4235462771E+00,+2.5384062902E+00
-41.4000E-06,+2.4005742743E+00,+2.4465182797E+00
-41.3000E-06,+2.4694902823E+00,+2.5958362966E+00
-41.2000E-06,+2.3316582665E+00,+2.5498922914E+00
-41.1000E-06,+2.3546302690E+00,+2.4809762836E+00
-41.0000E-06,+2.4694902821E+00,+2.5384062901E+00
-40.9000E-06,+2.4120602756E+00,+2.7336683123E+00
-40.8000E-06,+2.4465182796E+00,+2.5728642941E+00
-40.7000E-06,+2.4120602757E+00,+2.5613782927E+00
-40.6000E-06,+2.5498922915E+00,+2.5384062900E+00
-40.5000E-06,+2.3776022718E+00,+2.5958362967E+00
-40.4000E-06,+2.4809762836E+00,+2.5728642941E+00
-40.3000E-06,+2.4005742745E+00,+2.5728642941E+00
-40.2000E-06,+2.7336683122E+00,+2.4924622849E+00
-40.1000E-06,+2.4924622849E+00,+2.5384062902E+00
-40.0000E-06,+2.4809762835E+00,+2.6532663032E+00
-39.9000E-06,+2.4350322783E+00,+2.6073222981E+00
-39.8000E-06,+2.4465182795E+00,+2.6532663032E+00
-39.7000E-06,+2.5613782928E+00,+2.5728642941E+00
-39.6000E-06,+2.4120602757E+00,+2.5613782928E+00
-39.5000E-06,+2.4924622849E+00,+2.5728642942E+00
-39.4000E-06,+2.4809762835E+00,+2.5269202888E+00
-39.3000E-06,+2.4924622849E+00,+2.5843502954E+00
-39.2000E-06,+2.3890882731E+00,+2.6532663032E+00
-39.1000E-06,+2.2742282600E+00,+2.6877243071E+00
-39.0000E-06,+2.4809762836E+00,+2.6417803020E+00
-38.9000E-06,+2.4694902821E+00,+2.6073222980E+00
-38.8000E-06,+2.4120602757E+00,+2.4924622849E+00
-38.7000E-06,+2.4580042810E+00,+2.5728642941E+00
-38.6000E-06,+2.4924622849E+00,+2.5613782927E+00
-38.5000E-06,+2.4694902823E+00,+2.6532663032E+00
-38.4000E-06,+2.4694902822E+00,+2.5498922914E+00
-38.3000E-06,+2.4120602757E+00,+2.5728642941E+00
-38.2000E-06,+2.4235462769E+00,+2.5843502953E+00
-38.1000E-06,+2.5728642940E+00,+2.5728642941E+00
-38.0000E-06,+2.4005742743E+00,+2.4465182796E+00
-37.9000E-06,+2.3546302692E+00,+2.4235462770E+00
-37.8000E-06,+2.4465182797E+00,+2.5728642941E+00
-37.7000E-06,+2.3316582665E+00,+2.6877243071E+00
-37.6000E-06,+2.4809762836E+00,+2.5613782928E+00
-37.5000E-06,+2.4235462769E+00,+2.4465182797E+00
-37.4000E-06,+2.4924622848E+00,+2.4924622849E+00
-37.3000E-06,+2.4120602757E+00,+2.4924622849E+00
-37.2000E-06,+2.4005742743E+00,+2.5039482862E+00
-37.1000E-06,+2.3316582665E+00,+2.4120602757E+00
-37.0000E-06,+2.3661162703E+00,+2.4924622849E+00
-36.9000E-06,+2.2512562573E+00,+2.3316582665E+00
-36.8000E-06,+2.2742282597E+00,+2.4465182797E+00
-36.7000E-06,+2.4120602756E+00,+2.4924622848E+00
-36.6000E-06,+2.2972002626E+00,+2.5384062902E+00
-36.5000E-06,+2.3661162702E+00,+2.3316582665E+00
-36.4000E-06,+2.2742282599E+00,+2.4694902823E+00
-36.3000E-06,+2.2742282600E+00,+2.3316582665E+00
-36.2000E-06,+2.1019382402E+00,+2.2627422586E+00
-36.1000E-06,+2.2167982533E+00,+2.4120602757E+00
-36.0000E-06,+2.1708542482E+00,+2.3316582665E+00
-35.9000E-06,+2.2053122520E+00,+2.3776022718E+00
-35.8000E-06,+2.2397702559E+00,+2.4694902821E+00
-35.7000E-06,+2.3086862639E+00,+2.3086862639E+00
-35.6000E-06,+2.0904522389E+00,+2.2282842546E+00
-35.5000E-06,+2.1823402494E+00,+2.2397702560E+00
-35.4000E-06,+2.1708542481E+00,+2.3661162705E+00
-35.3000E-06,+2.1708542481E+00,+2.2512562572E+00
-35.2000E-06,+2.1363962442E+00,+2.2627422587E+00
-35.1000E-06,+2.0904522389E+00,+2.1593682467E+00
-35.0000E-06,+2.1249102430E+00,+2.1478822455E+00
-34.9000E-06,+2.0330222324E+00,+2.1134242416E+00
-34.8000E-06,+1.9985642285E+00,+2.1823402494E+00
-34.7000E-06,+1.9870782270E+00,+2.2053122521E+00
-34.6000E-06,+2.0100502296E+00,+2.1708542482E+00
-34.5000E-06,+2.0559942350E+00,+1.9755922258E+00
-34.4000E-06,+2.0674802362E+00,+1.9411342219E+00
-34.3000E-06,+1.8951902165E+00,+2.1019382404E+00
-34.2000E-06,+1.8722182140E+00,+2.0330222324E+00
-34.1000E-06,+1.9181622193E+00,+1.9870782272E+00
-34.0000E-06,+1.8033022061E+00,+1.9296482205E+00
-33.9000E-06,+1.8492462114E+00,+2.0904522389E+00
-33.8000E-06,+1.7688442022E+00,+1.9411342219E+00
-33.7000E-06,+1.7688442022E+00,+1.9985642284E+00
-33.6000E-06,+1.8033022062E+00,+1.9296482205E+00
-33.5000E-06,+1.7688442022E+00,+1.9296482205E+00
-33.4000E-06,+1.6884421930E+00,+1.8492462113E+00
-33.3000E-06,+1.6999281942E+00,+1.8147882074E+00
-33.2000E-06,+1.6884421929E+00,+1.8492462113E+00
-33.1000E-06,+1.6424981877E+00,+1.7229001969E+00
-33.0000E-06,+1.6884421930E+00,+1.7803302035E+00
-32.9000E-06,+1.6080401838E+00,+1.7688442022E+00
-32.8000E-06,+1.6310121865E+00,+1.5850681811E+00
-32.7000E-06,+1.5391241759E+00,+1.6999281942E+00
-32.6000E-06,+1.4012921602E+00,+1.7229001970E+00
-32.5000E-06,+1.5276381746E+00,+1.6080401838E+00
-32.4000E-06,+1.5965541824E+00,+1.6999281944E+00
-32.3000E-06,+1.5276381746E+00,+1.6769561916E+00
-32.2000E-06,+1.4242641628E+00,+1.5506101772E+00
-32.1000E-06,+1.4931801708E+00,+1.6080401838E+00
-32.0000E-06,+1.4587221667E+00,+1.4702081679E+00
-31.9000E-06,+1.4816941694E+00,+1.5735821798E+00
-31.8000E-06,+1.4472361654E+00,+1.4472361654E+00
-31.7000E-06,+1.4127781615E+00,+1.4012921601E+00
-31.6000E-06,+1.2864321470E+00,+1.5276381746E+00
-31.5000E-06,+1.2864321470E+00,+1.5046661720E+00
-31.4000E-06,+1.3323761524E+00,+1.3898061589E+00
-31.3000E-06,+1.2175161391E+00,+1.3438621537E+00
-31.2000E-06,+1.2979181482E+00,+1.3668341562E+00
-31.1000E-06,+1.2060301378E+00,+1.3668341562E+00
-31.0000E-06,+1.1600861325E+00,+1.2060301378E+00
-30.9000E-06,+1.1371141300E+00,+1.3438621535E+00
-30.8000E-06,+1.0452261195E+00,+1.2634601445E+00
-30.7000E-06,+1.0911701248E+00,+1.2634601444E+00
-30.6000E-06,+1.0337401182E+00,+1.1256281286E+00
-30.5000E-06,+1.0911701247E+00,+1.1256281286E+00
-30.4000E-06,+1.0452261195E+00,+1.1256281287E+00
-30.3000E-06,+964.8241103E-03,+999.2821142E-03
-30.2000E-06,+976.3101116E-03,+987.7961130E-03
-30.1000E-06,+987.7961128E-03,+1.1026561261E+00
-30.0000E-06,+930.3661064E-03,+964.8241103E-03
-29.9000E-06,+815.5060932E-03,+976.3101115E-03
-29.8000E-06,+838.4780959E-03,+953.3381091E-03
-29.7000E-06,+723.6180828E-03,+804.0200919E-03
-29.6000E-06,+838.4780958E-03,+953.3381089E-03
-29.5000E-06,+723.6180827E-03,+953.3381089E-03
-29.4000E-06,+700.6460801E-03,+849.9640970E-03
-29.3000E-06,+723.6180827E-03,+804.0200919E-03
-29.2000E-06,+654.7020748E-03,+723.6180827E-03
-29.1000E-06,+689.1600787E-03,+735.1040839E-03
-29.0000E-06,+643.2160735E-03,+723.6180827E-03
-28.9000E-06,+597.2720682E-03,+758.0760866E-03
-28.8000E-06,+631.7300722E-03,+631.7300722E-03
-28.7000E-06,+516.8700592E-03,+620.2440709E-03
-28.6000E-06,+539.8420616E-03,+539.8420616E-03
-28.5000E-06,+413.4960472E-03,+482.4120551E-03
-28.4000E-06,+516.8700591E-03,+574.3000655E-03
-28.3000E-06,+402.0100460E-03,+482.4120551E-03
-28.2000E-06,+321.6080368E-03,+447.9540512E-03
-28.1000E-06,+252.6920289E-03,+459.4400524E-03
-28.0000E-06,+390.5240448E-03,+390.5240445E-03
-27.9000E-06,+264.1780302E-03,+459.4400525E-03
-27.8000E-06,+252.6920288E-03,+379.0380434E-03
-27.7000E-06,+160.8040184E-03,+321.6080368E-03
-27.6000E-06,+80.4020092E-03,+160.8040184E-03
-27.5000E-06,+160.8040184E-03,+287.1500329E-03
-27.4000E-06,+80.4020092E-03,+241.2060276E-03
-27.3000E-06,+160.8040184E-03,+252.6920290E-03
-27.2000E-06,+57.4300065E-03,+183.7760211E-03
-27.1000E-06,+126.3460146E-03,+160.8040184E-03
-27.0000E-06,-34.4580040E-03,+45.9440052E-03
-26.9000E-06,+0.0E+00,-80.4020092E-03
-26.8000E-06,+68.9160078E-03,+11.4860014E-03
-26.7000E-06,-11.4860014E-03,+68.9160078E-03
-26.6000E-06,-137.8320158E-03,+0.0E+00
-26.5000E-06,-103.3740119E-03,-114.8600130E-03
-26.4000E-06,-160.8040184E-03,-160.8040184E-03
-26.3000E-06,-160.8040184E-03,-137.8320159E-03
-26.2000E-06,-241.2060275E-03,-160.8040184E-03
-26.1000E-06,-310.1220353E-03,-149.3180170E-03
-26.0000E-06,-241.2060276E-03,-114.8600133E-03
-25.9000E-06,-287.1500327E-03,-344.5800393E-03
-25.8000E-06,-287.1500329E-03,-218.2340249E-03
-25.7000E-06,-321.6080368E-03,-298.6360342E-03
-25.6000E-06,-333.0940380E-03,-321.6080368E-03
-25.5000E-06,-402.0100459E-03,-482.4120550E-03
-25.4000E-06,-367.5520421E-03,-367.5520421E-03
-25.3000E-06,-539.8420616E-03,-402.0100459E-03
-25.2000E-06,-516.8700592E-03,-482.4120551E-03
-25.1000E-06,-597.2720682E-03,-482.4120551E-03
-25.0000E-06,-608.7580697E-03,-424.9820485E-03
-24.9000E-06,-608.7580695E-03,-608.7580695E-03
-24.8000E-06,-562.8140643E-03,-482.4120551E-03
-24.7000E-06,-677.6740774E-03,-631.7300721E-03
-24.6000E-06,-769.5620878E-03,-677.6740776E-03
-24.5000E-06,-666.1880761E-03,-643.2160735E-03
-24.4000E-06,-746.5900854E-03,-781.0480892E-03
-24.3000E-06,-804.0200919E-03,-735.1040840E-03
-24.2000E-06,-758.0760867E-03,-735.1040839E-03
-24.1000E-06,-804.0200919E-03,-804.0200919E-03
-24.0000E-06,-838.4780958E-03,-941.8521078E-03
-23.9000E-06,-792.5340905E-03,-895.9081024E-03
-23.8000E-06,-884.4221011E-03,-907.3941037E-03
-23.7000E-06,-930.3661064E-03,-918.8801049E-03
-23.6000E-06,-953.3381090E-03,-1.0337401182E+00
-23.5000E-06,-953.3381091E-03,-930.3661063E-03
-23.4000E-06,-1.0452261194E+00,-964.8241104E-03
-23.3000E-06,-1.0452261195E+00,-1.0337401180E+00
-23.2000E-06,-1.0681981222E+00,-1.1830581351E+00
-23.1000E-06,-1.2290021404E+00,-1.1486001312E+00
-23.0000E-06,-1.2060301378E+00,-1.1486001313E+00
-22.9000E-06,-1.2060301378E+00,-1.1371141299E+00
-22.8000E-06,-1.2404881418E+00,-1.2404881418E+00
-22.7000E-06,-1.2864321470E+00,-1.2864321470E+00
-22.6000E-06,-1.2175161392E+00,-1.2749461456E+00
-22.5000E-06,-1.1945441365E+00,-1.3668341562E+00
-22.4000E-06,-1.2290021404E+00,-1.2864321470E+00
-22.3000E-06,-1.2404881417E+00,-1.4242641627E+00
-22.2000E-06,-1.3208901508E+00,-1.4472361654E+00
-22.1000E-06,-1.3208901510E+00,-1.4127781614E+00
-22.0000E-06,-1.3668341564E+00,-1.3668341563E+00
-21.9000E-06,-1.4012921601E+00,-1.4012921601E+00
-21.8000E-06,-1.3898061589E+00,-1.4472361654E+00
-21.7000E-06,-1.4472361654E+00,-1.5620961786E+00
-21.6000E-06,-1.5046661719E+00,-1.5276381746E+00
-21.5000E-06,-1.4472361654E+00,-1.6310121863E+00
-21.4000E-06,-1.5735821798E+00,-1.5965541826E+00
-21.3000E-06,-1.5276381746E+00,-1.5276381746E+00
-21.2000E-06,-1.5161521732E+00,-1.6999281944E+00
-21.1000E-06,-1.7458721994E+00,-1.6884421930E+00
-21.0000E-06,-1.6539841889E+00,-1.6310121864E+00
-20.9000E-06,-1.7458721995E+00,-1.8033022060E+00
-20.8000E-06,-1.6884421930E+00,-1.7803302034E+00
-20.7000E-06,-1.6884421930E+00,-1.8607322126E+00
-20.6000E-06,-1.6080401838E+00,-1.7688442022E+00
-20.5000E-06,-1.8262742089E+00,-1.7803302036E+00
-20.4000E-06,-1.7803302035E+00,-1.8607322127E+00
-20.3000E-06,-1.7573582007E+00,-1.8492462113E+00
-20.2000E-06,-1.8147882075E+00,-1.9641062244E+00
-20.1000E-06,-1.7803302034E+00,-1.8492462113E+00
-20.0000E-06,-1.7688442022E+00,-2.0100502297E+00
-19.9000E-06,-1.8492462114E+00,-1.9296482205E+00
-19.8000E-06,-1.8951902166E+00,-2.0100502297E+00
-19.7000E-06,-1.9985642284E+00,-1.9411342219E+00
-19.6000E-06,-1.9296482205E+00,-2.0100502297E+00
-19.5000E-06,-1.9296482205E+00,-1.9755922259E+00
-19.4000E-06,-2.0904522389E+00,-2.0904522389E+00
-19.3000E-06,-1.9985642285E+00,-2.0789662377E+00
-19.2000E-06,-2.1708542480E+00,-2.0904522389E+00
-19.1000E-06,-2.0789662375E+00,-2.1249102428E+00
-19.0000E-06,-2.0789662376E+00,-2.2167982532E+00
-18.9000E-06,-1.9755922257E+00,-2.1478822455E+00
-18.8000E-06,-2.0904522389E+00,-2.1249102428E+00
-18.7000E-06,-2.1019382402E+00,-2.1823402494E+00
-18.6000E-06,-2.2167982533E+00,-2.2053122521E+00
-18.5000E-06,-2.0904522389E+00,-2.3316582664E+00
-18.4000E-06,-2.1019382403E+00,-2.1708542481E+00
-18.3000E-06,-1.9641062246E+00,-2.3201722651E+00
-18.2000E-06,-2.2857142613E+00,-2.3890882731E+00
-18.1000E-06,-2.1134242416E+00,-2.3661162703E+00
-18.0000E-06,-2.1823402494E+00,-2.3890882731E+00
-17.9000E-06,-2.2972002625E+00,-2.3316582665E+00
-17.8000E-06,-2.1708542481E+00,-2.3316582665E+00
-17.7000E-06,-2.3086862640E+00,-2.4235462771E+00
-17.6000E-06,-2.2512562573E+00,-2.4005742743E+00
-17.5000E-06,-2.3661162705E+00,-2.3661162705E+00
-17.4000E-06,-2.3086862638E+00,-2.4350322783E+00
-17.3000E-06,-2.1938262506E+00,-2.3546302690E+00
-17.2000E-06,-2.3776022717E+00,-2.5039482861E+00
-17.1000E-06,-2.4924622849E+00,-2.4924622848E+00
-17.0000E-06,-2.4465182796E+00,-2.4350322782E+00
-16.9000E-06,-2.3316582665E+00,-2.4809762835E+00
-16.8000E-06,-2.4694902823E+00,-2.4350322783E+00
-16.7000E-06,-2.4924622849E+00,-2.5498922914E+00
-16.6000E-06,-2.4120602757E+00,-2.5843502953E+00
-16.5000E-06,-2.4120602757E+00,-2.5613782928E+00
-16.4000E-06,-2.4120602757E+00,-2.8140703216E+00
-16.3000E-06,-2.4235462771E+00,-2.5728642941E+00
-16.2000E-06,-2.5498922913E+00,-2.6417803019E+00
-16.1000E-06,-2.4694902823E+00,-2.6188082992E+00
-16.0000E-06,-2.3661162703E+00,-2.5958362967E+00
-15.9000E-06,-2.4694902823E+00,-2.6417803020E+00
-15.8000E-06,-2.5384062901E+00,-2.6188082993E+00
-15.7000E-06,-2.5728642940E+00,-2.6532663032E+00
-15.6000E-06,-2.3776022718E+00,-2.6762383057E+00
-15.5000E-06,-2.4809762835E+00,-2.6073222981E+00
-15.4000E-06,-2.5958362966E+00,-2.6302943007E+00
-15.3000E-06,-2.5384062902E+00,-2.7336683124E+00
-15.2000E-06,-2.4924622849E+00,-2.6647523045E+00
-15.1000E-06,-2.5728642941E+00,-2.6992103084E+00
-15.0000E-06,-2.5728642940E+00,-2.5728642942E+00
-14.9000E-06,-2.5498922912E+00,-2.7221823110E+00
-14.8000E-06,-2.4924622849E+00,-2.5843502954E+00
-14.7000E-06,-2.5958362966E+00,-2.6302943007E+00
-14.6000E-06,-2.5154342875E+00,-2.6762383059E+00
-14.5000E-06,-2.6532663032E+00,-2.6877243070E+00
-14.4000E-06,-2.5728642941E+00,-2.6992103084E+00
-14.3000E-06,-2.5728642941E+00,-2.7336683124E+00
-14.2000E-06,-2.6073222979E+00,-2.7796123177E+00
-14.1000E-06,-2.4924622849E+00,-2.7336683124E+00
-14.0000E-06,-2.5613782926E+00,-2.7336683124E+00
-13.9000E-06,-2.5384062902E+00,-2.6992103086E+00
-13.8000E-06,-2.6992103086E+00,-2.7451543137E+00
-13.7000E-06,-2.5728642941E+00,-2.7796123176E+00
-13.6000E-06,-2.6532663031E+00,-2.7336683124E+00
-13.5000E-06,-2.5728642941E+00,-2.7451543138E+00
-13.4000E-06,-2.6532663032E+00,-2.6532663032E+00
-13.3000E-06,-2.6073222981E+00,-2.7106963099E+00
-13.2000E-06,-2.5384062902E+00,-2.7106963098E+00
-13.1000E-06,-2.5728642941E+00,-2.6762383058E+00
-13.0000E-06,-2.4465182797E+00,-2.7796123176E+00
-12.9000E-06,-2.5728642941E+00,-2.7336683125E+00
-12.8000E-06,-2.5728642941E+00,-2.7681263163E+00
-12.7000E-06,-2.5039482862E+00,-2.8025843203E+00
-12.6000E-06,-2.5384062900E+00,-2.7796123176E+00
-12.5000E-06,-2.6302943006E+00,-2.8140703216E+00
-12.4000E-06,-2.4235462769E+00,-2.7336683124E+00
-12.3000E-06,-2.4924622849E+00,-2.7336683124E+00
-12.2000E-06,-2.5728642941E+00,-2.7336683124E+00
-12.1000E-06,-2.5728642941E+00,-2.8140703216E+00
-12.0000E-06,-2.5728642941E+00,-2.7221823111E+00
-11.9000E-06,-2.4924622849E+00,-2.6992103084E+00
-11.8000E-06,-2.5498922914E+00,-2.5958362967E+00
-11.7000E-06,-2.5613782928E+00,-2.8025843204E+00
-11.6000E-06,-2.5269202888E+00,-2.6073222980E+00
-11.5000E-06,-2.4120602757E+00,-2.6532663032E+00
-11.4000E-06,-2.5384062902E+00,-2.6188082994E+00
-11.3000E-06,-2.4809762835E+00,-2.5843502954E+00
-11.2000E-06,-2.5498922915E+00,-2.5613782926E+00
-11.1000E-06,-2.5498922914E+00,-2.6302943006E+00
-11.0000E-06,-2.4120602757E+00,-2.6647523045E+00
-10.9000E-06,-2.4465182797E+00,-2.5728642941E+00
-10.8000E-06,-2.4924622848E+00,-2.6532663033E+00
-10.7000E-06,-2.3316582665E+00,-2.5958362965E+00
-10.6000E-06,-2.4120602757E+00,-2.6532663032E+00
-10.5000E-06,-2.4694902823E+00,-2.6302943007E+00
-10.4000E-06,-2.2742282600E+00,-2.6302943006E+00
-10.3000E-06,-2.3316582665E+00,-2.5843502953E+00
-10.2000E-06,-2.3201722653E+00,-2.6188082993E+00
-10.1000E-06,-2.4120602757E+00,-2.6532663031E+00
-10.0000E-06,-2.3776022718E+00,-2.4465182796E+00
-9.9000E-06,-2.3201722651E+00,-2.4120602757E+00
-9.8000E-06,-2.1938262507E+00,-2.4580042808E+00
-9.7000E-06,-2.3661162703E+00,-2.4924622849E+00
-9.6000E-06,-2.3316582665E+00,-2.5039482861E+00
-9.5000E-06,-2.1708542481E+00,-2.5039482861E+00
-9.4000E-06,-2.1708542481E+00,-2.5728642941E+00
-9.3000E-06,-2.2857142612E+00,-2.4005742743E+00
-9.2000E-06,-2.2627422587E+00,-2.4005742743E+00
-9.1000E-06,-2.2282842547E+00,-2.4694902823E+00
-9.0000E-06,-2.2512562573E+00,-2.4694902822E+00
-8.9000E-06,-2.2282842548E+00,-2.4120602757E+00
-8.8000E-06,-2.2512562573E+00,-2.2972002625E+00
-8.7000E-06,-2.1708542482E+00,-2.4120602756E+00
-8.6000E-06,-2.2053122520E+00,-2.3316582665E+00
-8.5000E-06,-2.1478822454E+00,-2.3316582665E+00
-8.4000E-06,-2.1249102430E+00,-2.4465182797E+00
-8.3000E-06,-2.1134242416E+00,-2.2972002626E+00
-8.2000E-06,-2.1708542481E+00,-2.2397702560E+00
-8.1000E-06,-2.0904522389E+00,-2.1708542481E+00
-8.0000E-06,-1.9296482206E+00,-2.1708542482E+00
-7.9000E-06,-1.8492462113E+00,-2.1708542481E+00
-7.8000E-06,-2.0100502297E+00,-2.1708542481E+00
-7.7000E-06,-1.9526202231E+00,-2.1134242415E+00
-7.6000E-06,-1.8492462113E+00,-2.1478822454E+00
-7.5000E-06,-1.9296482205E+00,-2.1134242414E+00
-7.4000E-06,-1.8607322126E+00,-2.0559942349E+00
-7.3000E-06,-1.8492462114E+00,-2.1708542480E+00
-7.2000E-06,-1.7688442022E+00,-2.0904522389E+00
-7.1000E-06,-1.7803302035E+00,-2.0904522389E+00
-7.0000E-06,-1.8492462113E+00,-2.0674802363E+00
-6.9000E-06,-1.8262742087E+00,-2.0100502297E+00
-6.8000E-06,-1.7114141955E+00,-1.9526202231E+00
-6.7000E-06,-1.8147882074E+00,-2.0330222325E+00
-6.6000E-06,-1.7688442022E+00,-1.8492462114E+00
-6.5000E-06,-1.6195261852E+00,-1.8837042152E+00
-6.4000E-06,-1.6195261851E+00,-1.8607322127E+00
-6.3000E-06,-1.7229001970E+00,-1.8722182139E+00
-6.2000E-06,-1.6080401838E+00,-1.9296482205E+00
-6.1000E-06,-1.6769561917E+00,-1.8607322126E+00
-6.0000E-06,-1.6080401838E+00,-1.8837042153E+00
-5.9000E-06,-1.5276381746E+00,-1.6080401839E+00
-5.8000E-06,-1.5735821799E+00,-1.7688442022E+00
-5.7000E-06,-1.5965541824E+00,-1.6080401838E+00
-5.6000E-06,-1.5506101772E+00,-1.7458721996E+00
-5.5000E-06,-1.4472361654E+00,-1.7688442022E+00
-5.4000E-06,-1.5161521733E+00,-1.6999281942E+00
-5.3000E-06,-1.4472361654E+00,-1.7229001970E+00
-5.2000E-06,-1.3668341562E+00,-1.6080401838E+00
-5.1000E-06,-1.4357501640E+00,-1.6080401838E+00
-5.0000E-06,-1.3783201576E+00,-1.4587221668E+00
-4.9000E-06,-1.4012921603E+00,-1.6654701904E+00
-4.8000E-06,-1.4242641627E+00,-1.4242641627E+00
-4.7000E-06,-1.2519741432E+00,-1.4472361654E+00
-4.6000E-06,-1.1600861326E+00,-1.4127781614E+00
-4.5000E-06,-1.1256281287E+00,-1.5276381746E+00
-4.4000E-06,-1.0796841233E+00,-1.3668341562E+00
-4.3000E-06,-1.2060301378E+00,-1.3668341562E+00
-4.2000E-06,-1.2864321470E+00,-1.3438621536E+00
-4.1000E-06,-1.1026561260E+00,-1.2634601444E+00
-4.0000E-06,-1.0567121207E+00,-1.3553481550E+00
-3.9000E-06,-1.0796841234E+00,-1.3094041498E+00
-3.8000E-06,-964.8241102E-03,-1.2864321470E+00
-3.7000E-06,-1.0107681156E+00,-1.2864321470E+00
-3.6000E-06,-884.4221011E-03,-1.1256281286E+00
-3.5000E-06,-941.8521077E-03,-1.1600861327E+00
-3.4000E-06,-930.3661064E-03,-1.0452261195E+00
-3.3000E-06,-953.3381090E-03,-1.0452261195E+00
-3.2000E-06,-804.0200919E-03,-1.0452261195E+00
-3.1000E-06,-804.0200919E-03,-1.1256281286E+00
-3.0000E-06,-792.5340905E-03,-884.4221011E-03
-2.9000E-06,-723.6180827E-03,-1.0337401181E+00
-2.8000E-06,-723.6180827E-03,-987.7961128E-03
-2.7000E-06,-781.0480892E-03,-861.4500984E-03
-2.6000E-06,-700.6460802E-03,-884.4221011E-03
-2.5000E-06,-654.7020747E-03,-849.9640971E-03
-2.4000E-06,-723.6180827E-03,-804.0200919E-03
-2.3000E-06,-574.3000657E-03,-758.0760866E-03
-2.2000E-06,-562.8140643E-03,-804.0200919E-03
-2.1000E-06,-505.3840577E-03,-723.6180827E-03
-2.0000E-06,-539.8420617E-03,-689.1600789E-03
-1.9000E-06,-539.8420618E-03,-723.6180827E-03
-1.8000E-06,-482.4120551E-03,-608.7580695E-03
-1.7000E-06,-482.4120551E-03,-562.8140643E-03
-1.6000E-06,-367.5520421E-03,-516.8700590E-03
-1.5000E-06,-470.9260538E-03,-562.8140643E-03
-1.4000E-06,-402.0100459E-03,-459.4400526E-03
-1.3000E-06,-287.1500329E-03,-459.4400525E-03
-1.2000E-06,-390.5240447E-03,-413.4960472E-03
-1.1000E-06,-321.6080368E-03,-367.5520420E-03
-1.0000E-06,-241.2060276E-03,-321.6080368E-03
-900.0E-09,-160.8040184E-03,-321.6080368E-03
-800.0E-09,-103.3740119E-03,-379.0380432E-03
-700.0E-09,-126.3460143E-03,-252.6920290E-03
-600.0E-09,-160.8040184E-03,-321.6080368E-03
-500.0E-09,-137.8320158E-03,-172.2900196E-03
-400.0E-09,-91.8880104E-03,-195.2620224E-03
-300.0E-09,+80.4020091E-03,-241.2060275E-03
-200.0E-09,-11.4860014E-03,-91.8880106E-03
-100.0E-09,+68.9160078E-03,-68.9160078E-03
+0.0E+00,+160.8040184E-03,-103.3740118E-03
+100.0E-09,+103.3740119E-03,+0.0E+00
+200.0E-09,+172.2900196E-03,+0.0E+00
+300.0E-09,+114.8600132E-03,-11.4860012E-03
+400.0E-09,+80.4020093E-03,+0.0E+00
+500.0E-09,+252.6920290E-03,+80.4020092E-03
+600.0E-09,+160.8040184E-03,+80.4020092E-03
+700.0E-09,+241.2060276E-03,+160.8040184E-03
+800.0E-09,+264.1780302E-03,+218.2340249E-03
+900.0E-09,+333.0940380E-03,+172.2900196E-03
+1.0000E-06,+402.0100459E-03,+298.6360340E-03
+1.1000E-06,+321.6080368E-03,+402.0100458E-03
+1.2000E-06,+436.4680498E-03,+367.5520421E-03
+1.3000E-06,+413.4960473E-03,+333.0940381E-03
+1.4000E-06,+367.5520419E-03,+459.4400526E-03
+1.5000E-06,+562.8140643E-03,+321.6080368E-03
+1.6000E-06,+539.8420618E-03,+344.5800393E-03
+1.7000E-06,+482.4120551E-03,+482.4120551E-03
+1.8000E-06,+482.4120552E-03,+562.8140643E-03
+1.9000E-06,+677.6740774E-03,+562.8140643E-03
+2.0000E-06,+643.2160735E-03,+631.7300722E-03
+2.1000E-06,+700.6460801E-03,+643.2160735E-03
+2.2000E-06,+815.5060931E-03,+562.8140643E-03
+2.3000E-06,+815.5060932E-03,+723.6180827E-03
+2.4000E-06,+769.5620879E-03,+700.6460799E-03
+2.5000E-06,+723.6180828E-03,+884.4221009E-03
+2.6000E-06,+804.0200919E-03,+758.0760866E-03
+2.7000E-06,+895.9081024E-03,+815.5060933E-03
+2.8000E-06,+941.8521077E-03,+861.4500985E-03
+2.9000E-06,+884.4221011E-03,+861.4500984E-03
+3.0000E-06,+964.8241103E-03,+884.4221011E-03
+3.1000E-06,+849.9640971E-03,+930.3661063E-03
+3.2000E-06,+964.8241103E-03,+964.8241103E-03
+3.3000E-06,+964.8241103E-03,+999.2821142E-03
+3.4000E-06,+953.3381089E-03,+918.8801052E-03
+3.5000E-06,+1.0222541169E+00,+941.8521077E-03
+3.6000E-06,+1.1830581352E+00,+1.0107681156E+00
+3.7000E-06,+1.1141421274E+00,+976.3101115E-03
+3.8000E-06,+1.2060301378E+00,+1.1715721339E+00
+3.9000E-06,+1.2864321469E+00,+964.8241103E-03
+4.0000E-06,+1.2404881417E+00,+1.2060301378E+00
+4.1000E-06,+1.1371141300E+00,+1.1945441365E+00
+4.2000E-06,+1.2060301378E+00,+1.1830581353E+00
+4.3000E-06,+1.2864321470E+00,+1.2290021405E+00
+4.4000E-06,+1.2290021404E+00,+1.3668341562E+00
+4.5000E-06,+1.3783201574E+00,+1.2519741430E+00
+4.6000E-06,+1.3668341562E+00,+1.3668341562E+00
+4.7000E-06,+1.3668341562E+00,+1.3208901509E+00
+4.8000E-06,+1.4357501640E+00,+1.3783201576E+00
+4.9000E-06,+1.5276381746E+00,+1.3094041496E+00
+5.0000E-06,+1.5046661719E+00,+1.4472361654E+00
+5.1000E-06,+1.4816941692E+00,+1.4472361654E+00
+5.2000E-06,+1.5391241758E+00,+1.5276381746E+00
+5.3000E-06,+1.4472361655E+00,+1.5276381746E+00
+5.4000E-06,+1.4931801707E+00,+1.5735821799E+00
+5.5000E-06,+1.7343861981E+00,+1.4702081681E+00
+5.6000E-06,+1.6884421930E+00,+1.6195261852E+00
+5.7000E-06,+1.6884421930E+00,+1.5850681811E+00
+5.8000E-06,+1.5965541825E+00,+1.6080401838E+00
+5.9000E-06,+1.5965541826E+00,+1.6884421930E+00
+6.0000E-06,+1.6080401838E+00,+1.6080401838E+00
+6.1000E-06,+1.6884421930E+00,+1.7343861983E+00
+6.2000E-06,+1.6424981879E+00,+1.6884421930E+00
+6.3000E-06,+1.7688442022E+00,+1.7114141955E+00
+6.4000E-06,+1.7688442022E+00,+1.8492462113E+00
+6.5000E-06,+1.7688442022E+00,+1.7114141955E+00
+6.6000E-06,+1.8951902166E+00,+1.7688442022E+00
+6.7000E-06,+1.7688442023E+00,+1.7688442022E+00
+6.8000E-06,+1.8951902166E+00,+1.9755922258E+00
+6.9000E-06,+1.9181622192E+00,+1.9181622192E+00
+7.0000E-06,+1.9296482205E+00,+1.8951902165E+00
+7.1000E-06,+2.0100502297E+00,+1.9526202232E+00
+7.2000E-06,+2.0100502297E+00,+1.9296482205E+00
+7.3000E-06,+1.9411342218E+00,+1.8492462113E+00
+7.4000E-06,+2.0100502296E+00,+1.9296482206E+00
+7.5000E-06,+1.8492462113E+00,+2.0904522389E+00
+7.6000E-06,+2.0215362311E+00,+2.0330222324E+00
+7.7000E-06,+2.0330222323E+00,+2.0100502297E+00
+7.8000E-06,+1.9755922259E+00,+2.0789662377E+00
+7.9000E-06,+2.0215362310E+00,+2.0789662377E+00
+8.0000E-06,+1.9641062245E+00,+2.0559942349E+00
+8.1000E-06,+2.0904522389E+00,+2.0904522390E+00
+8.2000E-06,+2.1249102428E+00,+2.1823402495E+00
+8.3000E-06,+2.1708542481E+00,+2.1708542481E+00
+8.4000E-06,+2.0904522389E+00,+2.2282842547E+00
+8.5000E-06,+2.2282842546E+00,+2.1708542481E+00
+8.6000E-06,+2.1708542481E+00,+2.2282842548E+00
+8.7000E-06,+2.2167982533E+00,+2.1593682469E+00
+8.8000E-06,+2.1708542482E+00,+2.1708542482E+00
+8.9000E-06,+2.1823402495E+00,+2.2053122520E+00
+9.0000E-06,+2.2627422587E+00,+2.3316582665E+00
+9.1000E-06,+2.2742282599E+00,+2.1938262507E+00
+9.2000E-06,+2.2742282600E+00,+2.2512562573E+00
+9.3000E-06,+2.1938262506E+00,+2.3201722652E+00
+9.4000E-06,+2.2053122521E+00,+2.3316582665E+00
+9.5000E-06,+2.1708542481E+00,+2.3316582665E+00
+9.6000E-06,+2.3316582665E+00,+2.3776022718E+00
+9.7000E-06,+2.3431442678E+00,+2.4235462770E+00
+9.8000E-06,+2.3086862639E+00,+2.3086862639E+00
+9.9000E-06,+2.3086862638E+00,+2.4120602757E+00
+10.0000E-06,+2.2512562573E+00,+2.3431442677E+00
+10.1000E-06,+2.3316582665E+00,+2.3201722653E+00
+10.2000E-06,+2.4120602756E+00,+2.4924622848E+00
+10.3000E-06,+2.4120602757E+00,+2.4005742743E+00
+10.4000E-06,+2.4005742743E+00,+2.4924622849E+00
+10.5000E-06,+2.3546302691E+00,+2.2972002624E+00
+10.6000E-06,+2.3776022718E+00,+2.5154342875E+00
+10.7000E-06,+2.5613782928E+00,+2.4120602757E+00
+10.8000E-06,+2.4120602757E+00,+2.4120602757E+00
+10.9000E-06,+2.4120602756E+00,+2.6532663032E+00
+11.0000E-06,+2.5384062902E+00,+2.4350322782E+00
+11.1000E-06,+2.4924622849E+00,+2.4120602757E+00
+11.2000E-06,+2.5154342874E+00,+2.5498922915E+00
+11.3000E-06,+2.4350322783E+00,+2.5498922914E+00
+11.4000E-06,+2.4924622849E+00,+2.6302943007E+00
+11.5000E-06,+2.4120602757E+00,+2.4924622849E+00
+11.6000E-06,+2.4120602757E+00,+2.4924622849E+00
+11.7000E-06,+2.5039482863E+00,+2.4809762835E+00
+11.8000E-06,+2.4120602757E+00,+2.4465182798E+00
+11.9000E-06,+2.3776022716E+00,+2.5384062900E+00
+12.0000E-06,+2.4580042810E+00,+2.5498922914E+00
+12.1000E-06,+2.4120602757E+00,+2.6417803020E+00
+12.2000E-06,+2.4580042809E+00,+2.6532663032E+00
+12.3000E-06,+2.4924622850E+00,+2.7336683123E+00
+12.4000E-06,+2.4924622849E+00,+2.5843502955E+00
+12.5000E-06,+2.6073222981E+00,+2.5613782927E+00
+12.6000E-06,+2.4120602757E+00,+2.5958362966E+00
+12.7000E-06,+2.4694902822E+00,+2.6073222979E+00
+12.8000E-06,+2.4350322782E+00,+2.5154342874E+00
+12.9000E-06,+2.4580042809E+00,+2.5728642941E+00
+13.0000E-06,+2.4924622848E+00,+2.4924622849E+00
+13.1000E-06,+2.4465182796E+00,+2.5728642941E+00
+13.2000E-06,+2.4809762835E+00,+2.5728642941E+00
+13.3000E-06,+2.5154342874E+00,+2.6302943007E+00
+13.4000E-06,+2.5498922914E+00,+2.5154342875E+00
+13.5000E-06,+2.3316582665E+00,+2.5039482861E+00
+13.6000E-06,+2.3776022717E+00,+2.5613782928E+00
+13.7000E-06,+2.4924622849E+00,+2.4924622849E+00
+13.8000E-06,+2.4924622849E+00,+2.4924622849E+00
+13.9000E-06,+2.4120602757E+00,+2.6417803019E+00
+14.0000E-06,+2.4924622849E+00,+2.4694902823E+00
+14.1000E-06,+2.4350322783E+00,+2.4120602757E+00
+14.2000E-06,+2.4694902823E+00,+2.5039482861E+00
+14.3000E-06,+2.4924622849E+00,+2.6302943005E+00
+14.4000E-06,+2.4120602757E+00,+2.4924622849E+00
+14.5000E-06,+2.3661162704E+00,+2.5384062902E+00
+14.6000E-06,+2.3316582665E+00,+2.4809762835E+00
+14.7000E-06,+2.3546302691E+00,+2.5498922915E+00
+14.8000E-06,+2.3661162703E+00,+2.5728642941E+00
+14.9000E-06,+2.3431442677E+00,+2.4235462769E+00
+15.0000E-06,+2.3776022717E+00,+2.5269202889E+00
+15.1000E-06,+2.2512562573E+00,+2.4120602756E+00
+15.2000E-06,+2.3201722651E+00,+2.6073222979E+00
+15.3000E-06,+2.3431442678E+00,+2.4924622849E+00
+15.4000E-06,+2.4120602757E+00,+2.4694902823E+00
+15.5000E-06,+2.4120602757E+00,+2.4924622849E+00
+15.6000E-06,+2.3890882731E+00,+2.3431442677E+00
+15.7000E-06,+2.2972002625E+00,+2.4465182797E+00
+15.8000E-06,+2.3316582665E+00,+2.3316582666E+00
+15.9000E-06,+2.2742282598E+00,+2.4465182796E+00
+16.0000E-06,+2.2512562573E+00,+2.4924622849E+00
+16.1000E-06,+2.2742282599E+00,+2.3316582665E+00
+16.2000E-06,+2.2742282600E+00,+2.3546302692E+00
+16.3000E-06,+2.3201722652E+00,+2.4120602757E+00
+16.4000E-06,+2.2053122521E+00,+2.3776022717E+00
+16.5000E-06,+2.0904522390E+00,+2.3316582665E+00
+16.6000E-06,+2.2053122520E+00,+2.3316582665E+00
+16.7000E-06,+2.2282842546E+00,+2.3431442678E+00
+16.8000E-06,+2.2512562573E+00,+2.3661162705E+00
+16.9000E-06,+2.0330222324E+00,+2.2972002626E+00
+17.0000E-06,+2.2627422586E+00,+2.2627422586E+00
+17.1000E-06,+2.0904522389E+00,+2.2512562573E+00
+17.2000E-06,+2.0904522389E+00,+2.3316582664E+00
+17.3000E-06,+2.0904522389E+00,+2.2512562573E+00
+17.4000E-06,+2.1478822454E+00,+2.2397702559E+00
+17.5000E-06,+2.0100502297E+00,+2.2282842547E+00
+17.6000E-06,+2.0674802362E+00,+2.1938262508E+00
+17.7000E-06,+2.1019382402E+00,+2.1708542481E+00
+17.8000E-06,+2.0215362309E+00,+2.1363962441E+00
+17.9000E-06,+2.0904522390E+00,+2.2512562572E+00
+18.0000E-06,+1.9296482205E+00,+2.0904522389E+00
+18.1000E-06,+2.0215362311E+00,+2.1019382403E+00
+18.2000E-06,+1.9641062246E+00,+2.0674802363E+00
+18.3000E-06,+2.0100502297E+00,+2.0330222324E+00
+18.4000E-06,+1.9181622193E+00,+1.9526202231E+00
+18.5000E-06,+1.8492462113E+00,+2.0445082337E+00
+18.6000E-06,+1.9296482205E+00,+2.0100502297E+00
+18.7000E-06,+1.8607322128E+00,+2.0559942350E+00
+18.8000E-06,+1.7573582008E+00,+1.9411342219E+00
+18.9000E-06,+1.7458721996E+00,+1.9296482205E+00
+19.0000E-06,+1.8262742087E+00,+1.9066762179E+00
+19.1000E-06,+1.8377602101E+00,+1.8607322126E+00
+19.2000E-06,+1.6999281942E+00,+1.8492462113E+00
+19.3000E-06,+1.7688442021E+00,+1.7688442022E+00
+19.4000E-06,+1.6539841891E+00,+1.8951902166E+00
+19.5000E-06,+1.6080401838E+00,+1.7573582008E+00
+19.6000E-06,+1.6310121864E+00,+1.7918162047E+00
+19.7000E-06,+1.6080401838E+00,+1.8033022060E+00
+19.8000E-06,+1.5506101771E+00,+1.7229001968E+00
+19.9000E-06,+1.6539841890E+00,+1.7343861982E+00
+20.0000E-06,+1.6884421929E+00,+1.6884421930E+00
+20.1000E-06,+1.5276381746E+00,+1.7229001969E+00
+20.2000E-06,+1.6195261851E+00,+1.6195261851E+00
+20.3000E-06,+1.5276381746E+00,+1.6884421930E+00
+20.4000E-06,+1.4472361654E+00,+1.6080401838E+00
+20.5000E-06,+1.4472361654E+00,+1.5161521733E+00
+20.6000E-06,+1.5276381746E+00,+1.5620961786E+00
+20.7000E-06,+1.3668341562E+00,+1.6080401837E+00
+20.8000E-06,+1.4127781615E+00,+1.4816941693E+00
+20.9000E-06,+1.3668341562E+00,+1.6080401838E+00
+21.0000E-06,+1.3094041496E+00,+1.5391241760E+00
+21.1000E-06,+1.2864321470E+00,+1.5046661719E+00
+21.2000E-06,+1.2060301378E+00,+1.3553481550E+00
+21.3000E-06,+1.3208901510E+00,+1.3553481550E+00
+21.4000E-06,+1.3668341562E+00,+1.2864321471E+00
+21.5000E-06,+1.1715721339E+00,+1.3438621537E+00
+21.6000E-06,+1.1945441365E+00,+1.3553481549E+00
+21.7000E-06,+1.1600861327E+00,+1.2519741430E+00
+21.8000E-06,+1.0681981221E+00,+1.2519741432E+00
+21.9000E-06,+1.0567121207E+00,+1.2060301378E+00
+22.0000E-06,+1.0337401182E+00,+1.1715721339E+00
+22.1000E-06,+1.0452261195E+00,+1.2864321469E+00
+22.2000E-06,+1.0452261195E+00,+1.0796841233E+00
+22.3000E-06,+1.0337401181E+00,+1.0681981222E+00
+22.4000E-06,+953.3381088E-03,+1.0681981220E+00
+22.5000E-06,+907.3941038E-03,+987.7961129E-03
+22.6000E-06,+964.8241103E-03,+1.0452261195E+00
+22.7000E-06,+792.5340903E-03,+1.0222541167E+00
+22.8000E-06,+884.4221010E-03,+1.0452261194E+00
+22.9000E-06,+849.9640972E-03,+999.2821142E-03
+23.0000E-06,+815.5060933E-03,+895.9081024E-03
+23.1000E-06,+769.5620879E-03,+884.4221011E-03
+23.2000E-06,+666.1880762E-03,+723.6180827E-03
+23.3000E-06,+654.7020748E-03,+792.5340906E-03
+23.4000E-06,+608.7580695E-03,+746.5900855E-03
+23.5000E-06,+723.6180827E-03,+723.6180827E-03
+23.6000E-06,+597.2720682E-03,+700.6460802E-03
+23.7000E-06,+482.4120551E-03,+712.1320813E-03
+23.8000E-06,+620.2440709E-03,+677.6740775E-03
+23.9000E-06,+562.8140643E-03,+643.2160735E-03
+24.0000E-06,+539.8420618E-03,+562.8140643E-03
+24.1000E-06,+459.4400524E-03,+562.8140643E-03
+24.2000E-06,+482.4120552E-03,+562.8140643E-03
+24.3000E-06,+402.0100459E-03,+470.9260537E-03
+24.4000E-06,+413.4960473E-03,+413.4960473E-03
+24.5000E-06,+436.4680500E-03,+424.9820485E-03
+24.6000E-06,+218.2340249E-03,+402.0100459E-03
+24.7000E-06,+470.9260539E-03,+333.0940380E-03
+24.8000E-06,+333.0940380E-03,+402.0100459E-03
+24.9000E-06,+160.8040184E-03,+402.0100459E-03
+25.0000E-06,+160.8040184E-03,+241.2060276E-03
+25.1000E-06,+114.8600133E-03,+252.6920289E-03
+25.2000E-06,+45.9440052E-03,+275.6640316E-03
+25.3000E-06,+137.8320157E-03,+195.2620222E-03
+25.4000E-06,+91.8880105E-03,+160.8040184E-03
+25.5000E-06,+80.4020092E-03,+114.8600132E-03
+25.6000E-06,+80.4020091E-03,+160.8040183E-03
+25.7000E-06,+11.4860014E-03,+114.8600131E-03
+25.8000E-06,+0.0E+00,+91.8880105E-03
+25.9000E-06,-22.9720026E-03,+0.0E+00
+26.0000E-06,-103.3740119E-03,-22.9720027E-03
+26.1000E-06,-91.8880105E-03,-137.8320158E-03
+26.2000E-06,-80.4020092E-03,-45.9440052E-03
+26.3000E-06,-160.8040184E-03,-321.6080367E-03
+26.4000E-06,-183.7760209E-03,-195.2620223E-03
+26.5000E-06,-229.7200262E-03,-241.2060276E-03
+26.6000E-06,-218.2340250E-03,-183.7760210E-03
+26.7000E-06,-241.2060276E-03,-183.7760211E-03
+26.8000E-06,-333.0940380E-03,-252.6920288E-03
+26.9000E-06,-321.6080368E-03,-275.6640316E-03
+27.0000E-06,-402.0100459E-03,-402.0100458E-03
+27.1000E-06,-470.9260537E-03,-321.6080368E-03
+27.2000E-06,-539.8420616E-03,-413.4960473E-03
+27.3000E-06,-516.8700592E-03,-516.8700592E-03
+27.4000E-06,-528.3560605E-03,-424.9820486E-03
+27.5000E-06,-482.4120551E-03,-493.8980564E-03
+27.6000E-06,-574.3000655E-03,-516.8700591E-03
+27.7000E-06,-643.2160735E-03,-482.4120552E-03
+27.8000E-06,-551.3280629E-03,-597.2720682E-03
+27.9000E-06,-631.7300722E-03,-723.6180827E-03
+28.0000E-06,-677.6740775E-03,-643.2160735E-03
+28.1000E-06,-631.7300723E-03,-781.0480892E-03
+28.2000E-06,-723.6180827E-03,-723.6180827E-03
+28.3000E-06,-769.5620879E-03,-723.6180827E-03
+28.4000E-06,-643.2160736E-03,-723.6180827E-03
+28.5000E-06,-815.5060933E-03,-895.9081025E-03
+28.6000E-06,-677.6740776E-03,-815.5060933E-03
+28.7000E-06,-723.6180827E-03,-849.9640971E-03
+28.8000E-06,-941.8521076E-03,-769.5620880E-03
+28.9000E-06,-895.9081023E-03,-953.3381090E-03
+29.0000E-06,-1.0107681155E+00,-964.8241103E-03
+29.1000E-06,-1.0452261195E+00,-1.0452261194E+00
+29.2000E-06,-1.0796841234E+00,-1.1715721339E+00
+29.3000E-06,-1.0567121208E+00,-1.1141421273E+00
+29.4000E-06,-999.2821143E-03,-1.0452261195E+00
+29.5000E-06,-1.1256281286E+00,-1.1141421275E+00
+29.6000E-06,-1.1026561261E+00,-1.0567121207E+00
+29.7000E-06,-1.1256281286E+00,-1.2060301378E+00
+29.8000E-06,-1.2060301379E+00,-1.2060301378E+00
+29.9000E-06,-1.2519741431E+00,-1.2060301378E+00
+30.0000E-06,-1.2060301378E+00,-1.2864321470E+00
+30.1000E-06,-1.2864321470E+00,-1.2864321470E+00
+30.2000E-06,-1.3094041497E+00,-1.2404881417E+00
+30.3000E-06,-1.2634601445E+00,-1.3668341562E+00
+30.4000E-06,-1.3323761522E+00,-1.3668341562E+00
+30.5000E-06,-1.5276381745E+00,-1.3668341562E+00
+30.6000E-06,-1.4012921601E+00,-1.4472361654E+00
+30.7000E-06,-1.4357501640E+00,-1.5850681811E+00
+30.8000E-06,-1.4472361654E+00,-1.4587221669E+00
+30.9000E-06,-1.4127781616E+00,-1.5046661719E+00
+31.0000E-06,-1.4702081679E+00,-1.6539841892E+00
+31.1000E-06,-1.6999281942E+00,-1.6195261850E+00
+31.2000E-06,-1.5276381745E+00,-1.7688442021E+00
+31.3000E-06,-1.4472361654E+00,-1.5620961785E+00
+31.4000E-06,-1.4587221668E+00,-1.6080401838E+00
+31.5000E-06,-1.6195261852E+00,-1.6654701904E+00
+31.6000E-06,-1.5506101773E+00,-1.7688442022E+00
+31.7000E-06,-1.7688442022E+00,-1.7573582009E+00
+31.8000E-06,-1.6884421930E+00,-1.8377602101E+00
+31.9000E-06,-1.7688442022E+00,-1.7688442022E+00
+32.0000E-06,-1.7573582008E+00,-1.8147882075E+00
+32.1000E-06,-1.8492462113E+00,-1.8377602100E+00
+32.2000E-06,-1.7918162047E+00,-1.8837042154E+00
+32.3000E-06,-1.8262742087E+00,-1.7688442022E+00
+32.4000E-06,-1.8492462113E+00,-1.9296482205E+00
+32.5000E-06,-1.8492462113E+00,-1.8951902166E+00
+32.6000E-06,-1.8492462113E+00,-1.8492462113E+00
+32.7000E-06,-1.8147882075E+00,-1.8837042152E+00
+32.8000E-06,-1.9870782270E+00,-1.9296482205E+00
+32.9000E-06,-1.8492462113E+00,-1.9066762180E+00
+33.0000E-06,-1.9181622194E+00,-1.9755922259E+00
+33.1000E-06,-1.9985642285E+00,-2.2282842548E+00
+33.2000E-06,-2.0100502297E+00,-2.0559942349E+00
+33.3000E-06,-2.0100502297E+00,-2.0100502298E+00
+33.4000E-06,-2.0904522389E+00,-2.2167982534E+00
+33.5000E-06,-2.0789662376E+00,-2.0215362311E+00
+33.6000E-06,-2.0330222323E+00,-2.1823402496E+00
+33.7000E-06,-2.0100502297E+00,-2.0904522389E+00
+33.8000E-06,-2.0330222323E+00,-2.0904522389E+00
+33.9000E-06,-2.1363962441E+00,-2.1363962441E+00
+34.0000E-06,-2.2512562572E+00,-2.1708542481E+00
+34.1000E-06,-2.1593682467E+00,-2.2397702559E+00
+34.2000E-06,-2.1593682467E+00,-2.2512562573E+00
+34.3000E-06,-2.2512562573E+00,-2.3086862639E+00
+34.4000E-06,-2.2053122519E+00,-2.3086862638E+00
+34.5000E-06,-2.2282842548E+00,-2.3316582665E+00
+34.6000E-06,-2.2857142613E+00,-2.3316582665E+00
+34.7000E-06,-2.1708542481E+00,-2.3316582665E+00
+34.8000E-06,-2.2282842548E+00,-2.3776022718E+00
+34.9000E-06,-2.2512562573E+00,-2.5384062900E+00
+35.0000E-06,-2.2972002624E+00,-2.2742282599E+00
+35.1000E-06,-2.2857142611E+00,-2.3546302692E+00
+35.2000E-06,-2.1823402494E+00,-2.4924622849E+00
+35.3000E-06,-2.3661162705E+00,-2.4465182797E+00
+35.4000E-06,-2.1708542482E+00,-2.4120602758E+00
+35.5000E-06,-2.3661162704E+00,-2.4120602757E+00
+35.6000E-06,-2.4809762835E+00,-2.4924622849E+00
+35.7000E-06,-2.3316582665E+00,-2.4924622849E+00
+35.8000E-06,-2.4694902822E+00,-2.4924622849E+00
+35.9000E-06,-2.4120602757E+00,-2.4120602757E+00
+36.0000E-06,-2.4465182797E+00,-2.5728642941E+00
+36.1000E-06,-2.3316582665E+00,-2.6532663031E+00
+36.2000E-06,-2.4005742743E+00,-2.5269202888E+00
+36.3000E-06,-2.4924622849E+00,-2.6762383056E+00
+36.4000E-06,-2.4580042808E+00,-2.5728642941E+00
+36.5000E-06,-2.4924622849E+00,-2.5154342875E+00
+36.6000E-06,-2.4120602757E+00,-2.5039482861E+00
+36.7000E-06,-2.4580042809E+00,-2.6532663032E+00
+36.8000E-06,-2.4924622849E+00,-2.5728642941E+00
+36.9000E-06,-2.6188082994E+00,-2.5613782926E+00
+37.0000E-06,-2.4809762835E+00,-2.5039482862E+00
+37.1000E-06,-2.4924622849E+00,-2.5613782926E+00
+37.2000E-06,-2.5154342875E+00,-2.5958362967E+00
+37.3000E-06,-2.4924622849E+00,-2.5613782928E+00
+37.4000E-06,-2.4924622849E+00,-2.7336683124E+00
+37.5000E-06,-2.5728642941E+00,-2.5728642942E+00
+37.6000E-06,-2.6188082994E+00,-2.6877243071E+00
+37.7000E-06,-2.4924622849E+00,-2.6417803019E+00
+37.8000E-06,-2.3776022716E+00,-2.7106963099E+00
+37.9000E-06,-2.4924622849E+00,-2.5958362967E+00
+38.0000E-06,-2.5613782928E+00,-2.6762383058E+00
+38.1000E-06,-2.5384062901E+00,-2.6992103084E+00
+38.2000E-06,-2.5728642941E+00,-2.7336683124E+00
+38.3000E-06,-2.4465182796E+00,-2.6188082994E+00
+38.4000E-06,-2.5843502954E+00,-2.7336683124E+00
+38.5000E-06,-2.5384062900E+00,-2.6532663032E+00
+38.6000E-06,-2.5154342875E+00,-2.8485283255E+00
+38.7000E-06,-2.4924622849E+00,-2.7336683124E+00
+38.8000E-06,-2.5728642941E+00,-2.6877243072E+00
+38.9000E-06,-2.4120602758E+00,-2.8140703216E+00
+39.0000E-06,-2.6073222979E+00,-2.7221823110E+00
+39.1000E-06,-2.5039482862E+00,-2.7451543138E+00
+39.2000E-06,-2.5728642941E+00,-2.5958362966E+00
+39.3000E-06,-2.6302943006E+00,-2.7106963098E+00
+39.4000E-06,-2.5843502953E+00,-2.6762383058E+00
+39.5000E-06,-2.5728642941E+00,-2.8140703216E+00
+39.6000E-06,-2.5728642941E+00,-2.6532663033E+00
+39.7000E-06,-2.6188082994E+00,-2.7221823110E+00
+39.8000E-06,-2.6302943005E+00,-2.7336683124E+00
+39.9000E-06,-2.5498922915E+00,-2.7566403150E+00
+40.0000E-06,-2.6188082994E+00,-2.5958362967E+00
+40.1000E-06,-2.5728642941E+00,-2.8715003283E+00
+40.2000E-06,-2.6073222980E+00,-2.8255563228E+00
+40.3000E-06,-2.6532663032E+00,-2.5728642942E+00
+40.4000E-06,-2.5039482863E+00,-2.7336683124E+00
+40.5000E-06,-2.5039482862E+00,-2.7221823111E+00
+40.6000E-06,-2.5498922915E+00,-2.6417803018E+00
+40.7000E-06,-2.6302943006E+00,-2.8370423243E+00
+40.8000E-06,-2.5613782928E+00,-2.8140703216E+00
+40.9000E-06,-2.5728642941E+00,-2.6762383060E+00
+41.0000E-06,-2.4924622849E+00,-2.6532663033E+00
+41.1000E-06,-2.5728642941E+00,-2.6188082994E+00
+41.2000E-06,-2.4924622849E+00,-2.7221823111E+00
+41.3000E-06,-2.6073222981E+00,-2.7106963099E+00
+41.4000E-06,-2.4350322784E+00,-2.7910983189E+00
+41.5000E-06,-2.5498922915E+00,-2.7336683124E+00
+41.6000E-06,-2.4120602757E+00,-2.6532663032E+00
+41.7000E-06,-2.4120602755E+00,-2.6532663032E+00
+41.8000E-06,-2.4580042810E+00,-2.6532663032E+00
+41.9000E-06,-2.4924622849E+00,-2.6417803019E+00
+42.0000E-06,-2.4465182797E+00,-2.5728642941E+00
+42.1000E-06,-2.4465182795E+00,-2.6532663032E+00
+42.2000E-06,-2.3431442677E+00,-2.6417803020E+00
+42.3000E-06,-2.3776022717E+00,-2.5613782928E+00
+42.4000E-06,-2.4120602756E+00,-2.6532663032E+00
+42.5000E-06,-2.4465182796E+00,-2.4924622849E+00
+42.6000E-06,-2.3316582665E+00,-2.5039482862E+00
+42.7000E-06,-2.2742282599E+00,-2.5728642941E+00
+42.8000E-06,-2.3661162703E+00,-2.5728642941E+00
+42.9000E-06,-2.3201722652E+00,-2.5613782928E+00
+43.0000E-06,-2.3661162705E+00,-2.4924622849E+00
+43.1000E-06,-2.4120602756E+00,-2.4924622848E+00
+43.2000E-06,-2.1708542481E+00,-2.4580042810E+00
+43.3000E-06,-2.1823402495E+00,-2.4809762835E+00
+43.4000E-06,-2.1938262507E+00,-2.4350322782E+00
+43.5000E-06,-2.2512562573E+00,-2.4350322784E+00
+43.6000E-06,-2.3201722652E+00,-2.4005742744E+00
+43.7000E-06,-2.2512562573E+00,-2.3776022717E+00
+43.8000E-06,-2.1708542482E+00,-2.3316582665E+00
+43.9000E-06,-2.2282842548E+00,-2.4120602757E+00
+44.0000E-06,-2.1019382403E+00,-2.3316582665E+00
+44.1000E-06,-2.2282842547E+00,-2.4350322782E+00
+44.2000E-06,-2.2282842546E+00,-2.3316582665E+00
+44.3000E-06,-2.1019382402E+00,-2.1249102427E+00
+44.4000E-06,-1.9755922257E+00,-2.3546302693E+00
+44.5000E-06,-2.1708542479E+00,-2.2512562573E+00
+44.6000E-06,-2.0904522389E+00,-2.2512562573E+00
+44.7000E-06,-1.9411342219E+00,-2.1708542481E+00
+44.8000E-06,-2.0674802363E+00,-2.2512562573E+00
+44.9000E-06,-1.9526202232E+00,-2.1363962443E+00
+45.0000E-06,-1.9411342218E+00,-2.0904522389E+00
+45.1000E-06,-1.9641062245E+00,-2.1708542481E+00
+45.2000E-06,-1.9296482205E+00,-2.1708542482E+00
+45.3000E-06,-1.9641062244E+00,-2.2167982534E+00
+45.4000E-06,-1.9066762178E+00,-2.0100502297E+00
+45.5000E-06,-1.8722182139E+00,-2.0330222323E+00
+45.6000E-06,-1.7688442022E+00,-2.0674802362E+00
+45.7000E-06,-1.8492462113E+00,-2.0215362310E+00
+45.8000E-06,-1.7229001970E+00,-2.0789662377E+00
+45.9000E-06,-1.8492462113E+00,-2.0904522389E+00
+46.0000E-06,-1.7688442022E+00,-1.9181622191E+00
+46.1000E-06,-1.6769561916E+00,-2.0215362311E+00
+46.2000E-06,-1.6310121864E+00,-1.9411342220E+00
+46.3000E-06,-1.7114141957E+00,-1.9296482205E+00
+46.4000E-06,-1.6310121863E+00,-1.7918162047E+00
+46.5000E-06,-1.6080401838E+00,-1.8837042153E+00
+46.6000E-06,-1.6080401839E+00,-1.6884421930E+00
+46.7000E-06,-1.5620961785E+00,-1.8033022060E+00
+46.8000E-06,-1.5391241760E+00,-1.7114141957E+00
+46.9000E-06,-1.5850681812E+00,-1.7114141955E+00
+47.0000E-06,-1.5506101773E+00,-1.6654701903E+00
+47.1000E-06,-1.4587221667E+00,-1.6999281942E+00
+47.2000E-06,-1.4816941694E+00,-1.6195261850E+00
+47.3000E-06,-1.3668341563E+00,-1.6080401837E+00
+47.4000E-06,-1.3668341562E+00,-1.6884421930E+00
+47.5000E-06,-1.4472361654E+00,-1.6080401838E+00
+47.6000E-06,-1.2290021404E+00,-1.5276381746E+00
+47.7000E-06,-1.3438621535E+00,-1.5850681811E+00
+47.8000E-06,-1.3553481550E+00,-1.5850681813E+00
+47.9000E-06,-1.3438621534E+00,-1.4012921602E+00
+48.0000E-06,-1.2864321470E+00,-1.4472361653E+00
+48.1000E-06,-1.1600861325E+00,-1.4012921601E+00
+48.2000E-06,-1.3208901507E+00,-1.2979181484E+00
+48.3000E-06,-1.2290021404E+00,-1.4242641628E+00
+48.4000E-06,-1.2060301378E+00,-1.3898061589E+00
+48.5000E-06,-1.0681981220E+00,-1.2404881416E+00
+48.6000E-06,-1.0107681155E+00,-1.3668341562E+00
+48.7000E-06,-1.0452261196E+00,-1.2060301378E+00
+48.8000E-06,-918.8801050E-03,-1.2404881417E+00
+48.9000E-06,-1.0452261195E+00,-1.2634601443E+00
+49.0000E-06,-1.0107681154E+00,-1.1715721338E+00
+49.1000E-06,-1.0222541168E+00,-1.2404881417E+00
+49.2000E-06,-953.3381090E-03,-1.0452261195E+00
+49.3000E-06,-976.3101115E-03,-1.0567121207E+00
+49.4000E-06,-884.4221010E-03,-1.0452261195E+00
+49.5000E-06,-872.9360997E-03,-1.1141421272E+00
+49.6000E-06,-792.5340905E-03,-1.0452261195E+00
+49.7000E-06,-838.4780959E-03,-999.2821143E-03
+49.8000E-06,-746.5900854E-03,-941.8521076E-03
+49.9000E-06,-677.6740773E-03,-838.4780957E-03
+50.0000E-06,-631.7300723E-03,-953.3381091E-03
+50.1000E-06,-643.2160736E-03,-804.0200919E-03
+50.2000E-06,-677.6740774E-03,-849.9640972E-03
+50.3000E-06,-631.7300721E-03,-746.5900854E-03
+50.4000E-06,-562.8140643E-03,-804.0200919E-03
+50.5000E-06,-620.2440708E-03,-746.5900854E-03
+50.6000E-06,-631.7300723E-03,-608.7580693E-03
+50.7000E-06,-528.3560603E-03,-643.2160735E-03
+50.8000E-06,-402.0100460E-03,-643.2160735E-03
+50.9000E-06,-367.5520421E-03,-528.3560604E-03
+51.0000E-06,-413.4960473E-03,-493.8980565E-03
+51.1000E-06,-459.4400526E-03,-562.8140643E-03
+51.2000E-06,-379.0380433E-03,-562.8140643E-03
+51.3000E-06,-252.6920288E-03,-413.4960472E-03
+51.4000E-06,-356.0660408E-03,-367.5520420E-03
+51.5000E-06,-241.2060276E-03,-321.6080369E-03
+51.6000E-06,-183.7760208E-03,-447.9540513E-03
+51.7000E-06,-103.3740119E-03,-241.2060276E-03
+51.8000E-06,-160.8040184E-03,-321.6080368E-03
+51.9000E-06,-218.2340249E-03,-229.7200264E-03
+52.0000E-06,-103.3740117E-03,-321.6080368E-03
+52.1000E-06,-114.8600132E-03,-195.2620224E-03
+52.2000E-06,-80.4020092E-03,-160.8040184E-03
+52.3000E-06,-45.9440053E-03,-241.2060276E-03
+52.4000E-06,+0.0E+00,-149.3180170E-03
+52.5000E-06,+80.4020092E-03,-80.4020092E-03
+52.6000E-06,-11.4860011E-03,-22.9720027E-03
+52.7000E-06,+126.3460146E-03,-68.9160079E-03
+52.8000E-06,+45.9440052E-03,-80.4020092E-03
+52.9000E-06,+160.8040184E-03,+100E-12
+53.0000E-06,+114.8600131E-03,+80.4020092E-03
+53.1000E-06,+241.2060276E-03,+91.8880106E-03
+53.2000E-06,+356.0660408E-03,+103.3740118E-03
+53.3000E-06,+252.6920287E-03,+103.3740119E-03
+53.4000E-06,+379.0380434E-03,+206.7480238E-03
+53.5000E-06,+344.5800396E-03,+160.8040184E-03
+53.6000E-06,+482.4120551E-03,+402.0100459E-03
+53.7000E-06,+321.6080368E-03,+402.0100459E-03
+53.8000E-06,+333.0940381E-03,+321.6080368E-03
+53.9000E-06,+493.8980566E-03,+321.6080368E-03
+54.0000E-06,+459.4400525E-03,+379.0380433E-03
+54.1000E-06,+505.3840576E-03,+402.0100459E-03
+54.2000E-06,+447.9540511E-03,+436.4680499E-03
+54.3000E-06,+643.2160735E-03,+482.4120551E-03
+54.4000E-06,+562.8140643E-03,+402.0100459E-03
+54.5000E-06,+712.1320813E-03,+631.7300721E-03
+54.6000E-06,+620.2440709E-03,+505.3840577E-03
+54.7000E-06,+643.2160735E-03,+539.8420616E-03
+54.8000E-06,+643.2160735E-03,+631.7300723E-03
+54.9000E-06,+769.5620879E-03,+654.7020747E-03
+55.0000E-06,+723.6180827E-03,+562.8140643E-03
+55.1000E-06,+758.0760866E-03,+792.5340905E-03
+55.2000E-06,+815.5060933E-03,+781.0480891E-03
+55.3000E-06,+884.4221011E-03,+781.0480893E-03
+55.4000E-06,+861.4500984E-03,+781.0480892E-03
+55.5000E-06,+930.3661065E-03,+872.9360998E-03
+55.6000E-06,+999.2821143E-03,+804.0200919E-03
+55.7000E-06,+964.8241103E-03,+884.4221010E-03
+55.8000E-06,+918.8801050E-03,+953.3381088E-03
+55.9000E-06,+1.1026561259E+00,+815.5060933E-03
+56.0000E-06,+1.0452261195E+00,+907.3941036E-03
+56.1000E-06,+964.8241103E-03,+1.0452261195E+00
+56.2000E-06,+1.1371141299E+00,+1.0452261195E+00
+56.3000E-06,+1.1371141298E+00,+1.0911701246E+00
+56.4000E-06,+1.2060301378E+00,+964.8241103E-03
+56.5000E-06,+1.1715721340E+00,+1.2404881417E+00
+56.6000E-06,+1.2060301378E+00,+1.1141421273E+00
+56.7000E-06,+1.2864321470E+00,+1.1830581353E+00
+56.8000E-06,+1.1486001313E+00,+1.1486001313E+00
+56.9000E-06,+1.2749461458E+00,+1.0567121207E+00
+57.0000E-06,+1.3553481550E+00,+1.3668341562E+00
+57.1000E-06,+1.3668341562E+00,+1.3668341562E+00
+57.2000E-06,+1.3208901509E+00,+1.1945441364E+00
+57.3000E-06,+1.2979181484E+00,+1.3783201576E+00
+57.4000E-06,+1.4242641628E+00,+1.3438621537E+00
+57.5000E-06,+1.4242641627E+00,+1.4472361654E+00
+57.6000E-06,+1.4357501642E+00,+1.5046661721E+00
+57.7000E-06,+1.5276381746E+00,+1.3553481550E+00
+57.8000E-06,+1.3668341563E+00,+1.4472361655E+00
+57.9000E-06,+1.5735821799E+00,+1.5276381746E+00
+58.0000E-06,+1.5965541824E+00,+1.6080401838E+00
+58.1000E-06,+1.6424981878E+00,+1.6654701904E+00
+58.2000E-06,+1.6424981876E+00,+1.5506101773E+00
+58.3000E-06,+1.5965541825E+00,+1.5391241758E+00
+58.4000E-06,+1.5620961786E+00,+1.5620961786E+00
+58.5000E-06,+1.6884421930E+00,+1.6080401839E+00
+58.6000E-06,+1.7688442022E+00,+1.6999281944E+00
+58.7000E-06,+1.6310121865E+00,+1.6080401838E+00
+58.8000E-06,+1.7114141955E+00,+1.6884421930E+00
+58.9000E-06,+1.7688442022E+00,+1.7229001968E+00
+59.0000E-06,+1.7803302034E+00,+1.6539841888E+00
+59.1000E-06,+1.7688442022E+00,+1.8033022062E+00
+59.2000E-06,+1.8492462113E+00,+1.7688442022E+00
+59.3000E-06,+1.8033022060E+00,+1.8033022060E+00
+59.4000E-06,+1.7918162049E+00,+1.9181622192E+00
+59.5000E-06,+1.9296482205E+00,+1.8722182139E+00
+59.6000E-06,+1.7918162048E+00,+1.8722182140E+00
+59.7000E-06,+1.8722182139E+00,+2.0100502297E+00
+59.8000E-06,+1.9641062245E+00,+1.9296482205E+00
+59.9000E-06,+1.9296482205E+00,+2.0904522388E+00
+60.0000E-06,+1.9641062244E+00,+1.9870782273E+00
+60.1000E-06,+1.7918162049E+00,+2.0674802362E+00
+60.2000E-06,+2.0674802364E+00,+1.9755922257E+00
+60.3000E-06,+1.9870782270E+00,+2.0100502297E+00
+60.4000E-06,+2.0100502297E+00,+2.0330222322E+00
+60.5000E-06,+2.0215362309E+00,+2.0445082337E+00
+60.6000E-06,+2.0904522389E+00,+2.1708542481E+00
+60.7000E-06,+2.0559942350E+00,+2.1823402495E+00
+60.8000E-06,+2.1019382403E+00,+2.1823402495E+00
+60.9000E-06,+2.0559942349E+00,+2.2512562573E+00
+61.0000E-06,+2.0559942351E+00,+2.2627422584E+00
+61.1000E-06,+2.2282842548E+00,+2.2512562573E+00
+61.2000E-06,+2.0904522389E+00,+2.1708542481E+00
+61.3000E-06,+2.0904522390E+00,+2.3316582664E+00
+61.4000E-06,+2.2512562573E+00,+2.2167982534E+00
+61.5000E-06,+2.2627422587E+00,+2.2282842545E+00
+61.6000E-06,+2.2167982532E+00,+2.3661162705E+00
+61.7000E-06,+2.2512562573E+00,+2.3661162703E+00
+61.8000E-06,+2.3201722652E+00,+2.1938262506E+00
+61.9000E-06,+2.2857142613E+00,+2.2972002625E+00
+62.0000E-06,+2.2512562574E+00,+2.3316582665E+00
+62.1000E-06,+2.2397702559E+00,+2.2512562573E+00
+62.2000E-06,+2.2742282600E+00,+2.2627422587E+00
+62.3000E-06,+2.3661162705E+00,+2.3316582665E+00
+62.4000E-06,+2.3546302692E+00,+2.3316582665E+00
+62.5000E-06,+2.5498922916E+00,+2.4924622849E+00
+62.6000E-06,+2.3661162705E+00,+2.4580042809E+00
+62.7000E-06,+2.3316582665E+00,+2.4924622848E+00
+62.8000E-06,+2.3201722650E+00,+2.4005742742E+00
+62.9000E-06,+2.3316582665E+00,+2.4120602757E+00
+63.0000E-06,+2.3316582665E+00,+2.4235462772E+00
+63.1000E-06,+2.5958362967E+00,+2.3890882730E+00
+63.2000E-06,+2.3316582665E+00,+2.5154342874E+00
+63.3000E-06,+2.3661162705E+00,+2.5039482860E+00
+63.4000E-06,+2.4924622849E+00,+2.4120602757E+00
+63.5000E-06,+2.3316582665E+00,+2.4235462771E+00
+63.6000E-06,+2.3546302692E+00,+2.6188082991E+00
+63.7000E-06,+2.3890882731E+00,+2.4694902823E+00
+63.8000E-06,+2.4924622849E+00,+2.4350322784E+00
+63.9000E-06,+2.5498922916E+00,+2.5728642941E+00
+64.0000E-06,+2.4235462769E+00,+2.5039482860E+00
+64.1000E-06,+2.4120602757E+00,+2.5728642941E+00
+64.2000E-06,+2.4924622849E+00,+2.6647523047E+00
+64.3000E-06,+2.4809762835E+00,+2.5613782927E+00
+64.4000E-06,+2.4924622849E+00,+2.5728642941E+00
+64.5000E-06,+2.4924622849E+00,+2.6532663032E+00
+64.6000E-06,+2.4924622849E+00,+2.5039482861E+00
+64.7000E-06,+2.5269202889E+00,+2.6532663032E+00
+64.8000E-06,+2.4924622849E+00,+2.6532663031E+00
+64.9000E-06,+2.4580042810E+00,+2.6188082994E+00
+65.0000E-06,+2.4924622849E+00,+2.4809762835E+00
+65.1000E-06,+2.4120602757E+00,+2.5154342874E+00
+65.2000E-06,+2.4120602757E+00,+2.6532663032E+00
+65.3000E-06,+2.4235462769E+00,+2.7796123179E+00
+65.4000E-06,+2.4580042809E+00,+2.6073222981E+00
+65.5000E-06,+2.6532663031E+00,+2.6532663032E+00
+65.6000E-06,+2.4924622849E+00,+2.5728642941E+00
+65.7000E-06,+2.4924622849E+00,+2.6417803019E+00
+65.8000E-06,+2.3316582665E+00,+2.6073222981E+00
+65.9000E-06,+2.4120602757E+00,+2.4580042811E+00
+66.0000E-06,+2.4924622849E+00,+2.7221823112E+00
+66.1000E-06,+2.5269202889E+00,+2.5728642941E+00
+66.2000E-06,+2.4120602757E+00,+2.5728642941E+00
+66.3000E-06,+2.4580042810E+00,+2.6073222979E+00
+66.4000E-06,+2.4694902821E+00,+2.5728642941E+00
+66.5000E-06,+2.4120602757E+00,+2.6302943007E+00
+66.6000E-06,+2.4694902822E+00,+2.5728642941E+00
+66.7000E-06,+2.4005742744E+00,+2.5154342874E+00
+66.8000E-06,+2.4809762837E+00,+2.6073222981E+00
+66.9000E-06,+2.4924622849E+00,+2.6532663031E+00
+67.0000E-06,+2.4005742742E+00,+2.4809762834E+00
+67.1000E-06,+2.2857142614E+00,+2.4924622849E+00
+67.2000E-06,+2.3776022716E+00,+2.5269202889E+00
+67.3000E-06,+2.2972002627E+00,+2.3776022719E+00
+67.4000E-06,+2.3431442677E+00,+2.5613782928E+00
+67.5000E-06,+2.4120602757E+00,+2.3776022717E+00
+67.6000E-06,+2.4120602757E+00,+2.5728642940E+00
+67.7000E-06,+2.3316582665E+00,+2.4005742742E+00
+67.8000E-06,+2.4005742743E+00,+2.4350322784E+00
+67.9000E-06,+2.3316582665E+00,+2.4924622849E+00
+68.0000E-06,+2.3316582665E+00,+2.3890882730E+00
+68.1000E-06,+2.3431442677E+00,+2.4924622849E+00
+68.2000E-06,+2.3316582665E+00,+2.4465182797E+00
+68.3000E-06,+2.2512562574E+00,+2.3316582666E+00
+68.4000E-06,+2.3661162704E+00,+2.4005742742E+00
+68.5000E-06,+2.4005742743E+00,+2.4235462771E+00
+68.6000E-06,+2.2742282599E+00,+2.4350322782E+00
+68.7000E-06,+2.2512562573E+00,+2.4350322784E+00
+68.8000E-06,+2.2627422585E+00,+2.4809762836E+00
+68.9000E-06,+2.2972002625E+00,+2.3316582665E+00
+69.0000E-06,+2.2512562574E+00,+2.2512562574E+00
+69.1000E-06,+2.2167982534E+00,+2.2972002626E+00
+69.2000E-06,+2.2282842545E+00,+2.2512562573E+00
+69.3000E-06,+2.1938262507E+00,+2.3890882731E+00
+69.4000E-06,+2.2512562573E+00,+2.2972002627E+00
+69.5000E-06,+2.2512562573E+00,+2.3316582665E+00
+69.6000E-06,+2.2282842545E+00,+2.2972002625E+00
+69.7000E-06,+2.1708542480E+00,+2.2512562573E+00
+69.8000E-06,+2.1708542481E+00,+2.2857142612E+00
+69.9000E-06,+2.1478822453E+00,+2.1823402495E+00
+70.0000E-06,+2.1249102430E+00,+2.2627422588E+00
+70.1000E-06,+2.2282842546E+00,+2.2857142611E+00
+70.2000E-06,+2.0215362310E+00,+2.2397702561E+00
+70.3000E-06,+2.0445082337E+00,+2.2053122521E+00
+70.4000E-06,+2.0904522389E+00,+2.3316582662E+00
+70.5000E-06,+2.1249102428E+00,+2.1708542481E+00
+70.6000E-06,+1.9985642283E+00,+2.2512562573E+00
+70.7000E-06,+1.9870782272E+00,+2.1478822455E+00
+70.8000E-06,+1.8722182140E+00,+2.1478822454E+00
+70.9000E-06,+1.8607322126E+00,+2.0100502297E+00
+71.0000E-06,+1.9641062245E+00,+2.0559942349E+00
+71.1000E-06,+1.7688442022E+00,+2.0904522388E+00
+71.2000E-06,+1.8722182142E+00,+1.9641062244E+00
+71.3000E-06,+1.8607322127E+00,+2.0904522389E+00
+71.4000E-06,+1.8492462113E+00,+1.9870782272E+00
+71.5000E-06,+1.8492462113E+00,+2.0100502297E+00
+71.6000E-06,+1.6884421930E+00,+1.9296482205E+00
+71.7000E-06,+1.8492462113E+00,+1.8951902165E+00
+71.8000E-06,+1.7688442022E+00,+1.8492462114E+00
+71.9000E-06,+1.7573582007E+00,+1.9181622191E+00
+72.0000E-06,+1.6769561916E+00,+1.8607322127E+00
+72.1000E-06,+1.8722182139E+00,+1.7114141955E+00
+72.2000E-06,+1.6654701903E+00,+1.7688442022E+00
+72.3000E-06,+1.6080401838E+00,+1.9066762181E+00
+72.4000E-06,+1.6884421930E+00,+1.6999281941E+00
+72.5000E-06,+1.3668341564E+00,+1.6884421930E+00
+72.6000E-06,+1.5620961785E+00,+1.7229001968E+00
+72.7000E-06,+1.5391241760E+00,+1.6769561916E+00
+72.8000E-06,+1.4702081680E+00,+1.5850681812E+00
+72.9000E-06,+1.5276381746E+00,+1.5965541827E+00
+73.0000E-06,+1.4472361654E+00,+1.6884421930E+00
+73.1000E-06,+1.5620961786E+00,+1.4816941694E+00
+73.2000E-06,+1.4472361653E+00,+1.5276381747E+00
+73.3000E-06,+1.4127781615E+00,+1.5735821799E+00
+73.4000E-06,+1.5161521732E+00,+1.5046661718E+00
+73.5000E-06,+1.3094041496E+00,+1.4472361654E+00
+73.6000E-06,+1.3898061589E+00,+1.5276381746E+00
+73.7000E-06,+1.3668341562E+00,+1.4357501642E+00
+73.8000E-06,+1.2979181482E+00,+1.4931801706E+00
+73.9000E-06,+1.3668341561E+00,+1.4472361653E+00
+74.0000E-06,+1.2060301378E+00,+1.4472361654E+00
+74.1000E-06,+1.2175161392E+00,+1.4472361654E+00
+74.2000E-06,+1.1486001312E+00,+1.2634601445E+00
+74.3000E-06,+1.1256281286E+00,+1.2519741432E+00
+74.4000E-06,+1.1830581354E+00,+1.3438621537E+00
+74.5000E-06,+1.0452261195E+00,+1.2864321470E+00
+74.6000E-06,+1.0452261196E+00,+1.2060301379E+00
+74.7000E-06,+1.1256281286E+00,+1.1141421272E+00
+74.8000E-06,+1.0681981222E+00,+1.1371141300E+00
+74.9000E-06,+1.0222541169E+00,+1.0681981220E+00
+75.0000E-06,+987.7961130E-03,+1.1486001313E+00
+75.1000E-06,+964.8241103E-03,+987.7961128E-03
+75.2000E-06,+884.4221011E-03,+1.1256281286E+00
+75.3000E-06,+964.8241103E-03,+964.8241103E-03
+75.4000E-06,+930.3661064E-03,+918.8801049E-03
+75.5000E-06,+815.5060933E-03,+815.5060933E-03
+75.6000E-06,+746.5900853E-03,+884.4221011E-03
+75.7000E-06,+861.4500984E-03,+804.0200919E-03
+75.8000E-06,+723.6180827E-03,+826.9920944E-03
+75.9000E-06,+677.6740775E-03,+758.0760867E-03
+76.0000E-06,+723.6180826E-03,+723.6180828E-03
+76.1000E-06,+562.8140643E-03,+758.0760866E-03
+76.2000E-06,+631.7300721E-03,+735.1040841E-03
+76.3000E-06,+643.2160735E-03,+723.6180827E-03
+76.4000E-06,+562.8140643E-03,+608.7580697E-03
+76.5000E-06,+689.1600790E-03,+643.2160735E-03
+76.6000E-06,+528.3560603E-03,+562.8140643E-03
+76.7000E-06,+482.4120552E-03,+562.8140643E-03
+76.8000E-06,+413.4960474E-03,+493.8980566E-03
+76.9000E-06,+402.0100459E-03,+482.4120551E-03
+77.0000E-06,+367.5520419E-03,+390.5240444E-03
+77.1000E-06,+344.5800395E-03,+424.9820486E-03
+77.2000E-06,+379.0380435E-03,+379.0380435E-03
+77.3000E-06,+275.6640316E-03,+459.4400523E-03
+77.4000E-06,+241.2060275E-03,+321.6080368E-03
+77.5000E-06,+241.2060276E-03,+379.0380435E-03
+77.6000E-06,+241.2060276E-03,+310.1220354E-03
+77.7000E-06,+241.2060276E-03,+218.2340250E-03
+77.8000E-06,+218.2340249E-03,+287.1500330E-03
+77.9000E-06,+160.8040184E-03,+160.8040184E-03
+78.0000E-06,+172.2900195E-03,+206.7480236E-03
+78.1000E-06,+80.4020093E-03,+241.2060273E-03
+78.2000E-06,+22.9720024E-03,+126.3460145E-03
+78.3000E-06,-57.4300064E-03,+0.0E+00
+78.4000E-06,-22.9720026E-03,+34.4580041E-03
+78.5000E-06,-80.4020092E-03,-57.4300065E-03
+78.6000E-06,-160.8040184E-03,+11.4860012E-03
+78.7000E-06,-229.7200264E-03,-126.3460144E-03
+78.8000E-06,-80.4020092E-03,-200E-12
+78.9000E-06,-287.1500329E-03,-114.8600131E-03
+79.0000E-06,-160.8040184E-03,-218.2340248E-03
+79.1000E-06,-241.2060276E-03,-241.2060276E-03
+79.2000E-06,-206.7480238E-03,-298.6360341E-03
+79.3000E-06,-229.7200263E-03,-160.8040184E-03
+79.4000E-06,-287.1500327E-03,-229.7200264E-03
+79.5000E-06,-321.6080368E-03,-321.6080368E-03
+79.6000E-06,-321.6080368E-03,-241.2060276E-03
+79.7000E-06,-482.4120551E-03,-344.5800395E-03
+79.8000E-06,-424.9820485E-03,-344.5800393E-03
+79.9000E-06,-424.9820486E-03,-505.3840578E-03
