tiempo_s,teoria_v
-2e-05,0.0
-1.983991995997999e-05,0.0
-1.967983991995998e-05,0.0
-1.951975987993997e-05,0.0
-1.935967983991996e-05,0.0
-1.919959979989995e-05,0.0
-1.9039519759879943e-05,0.0
-1.8879439719859933e-05,0.0
-1.8719359679839923e-05,0.0
-1.8559279639819912e-05,0.0
-1.8399199599799902e-05,0.0
-1.8239119559779892e-05,0.0
-1.807903951975988e-05,0.0
-1.791895947973987e-05,0.0
-1.775887943971986e-05,0.0
-1.759879939969985e-05,0.0
-1.743871935967984e-05,0.0
-1.7278639319659834e-05,0.0
-1.711855927963982e-05,0.0
-1.6958479239619813e-05,0.0
-1.6798399199599803e-05,0.0
-1.6638319159579793e-05,0.0
-1.6478239119559782e-05,0.0
-1.6318159079539772e-05,0.0
-1.615807903951976e-05,0.0
-1.599799899949975e-05,0.0
-1.583791895947974e-05,0.0
-1.567783891945973e-05,0.0
-1.5517758879439724e-05,0.0
-1.535767883941971e-05,0.0
-1.5197598799399702e-05,0.0
-1.5037518759379693e-05,0.0
-1.4877438719359683e-05,0.0
-1.4717358679339673e-05,0.0
-1.4557278639319662e-05,0.0
-1.4397198599299652e-05,0.0
-1.4237118559279642e-05,0.0
-1.4077038519259631e-05,0.0
-1.3916958479239621e-05,0.0
-1.3756878439219611e-05,0.0
-1.3596798399199602e-05,0.0
-1.3436718359179592e-05,0.0
-1.3276638319159582e-05,0.0
-1.3116558279139573e-05,0.0
-1.2956478239119563e-05,0.0
-1.2796398199099553e-05,0.0
-1.2636318159079542e-05,0.0
-1.2476238119059532e-05,0.0
-1.2316158079039522e-05,0.0
-1.2156078039019511e-05,0.0
-1.1995997998999503e-05,0.0
-1.1835917958979493e-05,0.0
-1.1675837918959482e-05,0.0
-1.1515757878939472e-05,0.0
-1.1355677838919462e-05,0.0
-1.1195597798899451e-05,0.0
-1.1035517758879443e-05,0.0
-1.0875437718859433e-05,0.0
-1.0715357678839422e-05,0.0
-1.0555277638819412e-05,0.0
-1.0395197598799402e-05,0.0
-1.0235117558779391e-05,0.0
-1.0075037518759383e-05,0.0
-9.914957478739373e-06,0.0
-9.754877438719362e-06,0.0
-9.594797398699352e-06,0.0
-9.434717358679342e-06,0.0
-9.274637318659333e-06,0.0
-9.114557278639323e-06,0.0
-8.954477238619313e-06,0.0
-8.794397198599302e-06,0.0
-8.634317158579292e-06,0.0
-8.474237118559282e-06,0.0
-8.314157078539273e-06,0.0
-8.154077038519263e-06,0.0
-7.993996998499253e-06,0.0
-7.833916958479242e-06,0.0
-7.673836918459232e-06,0.0
-7.513756878439222e-06,0.0
-7.353676838419213e-06,0.0
-7.193596798399203e-06,0.0
-7.033516758379193e-06,0.0
-6.873436718359182e-06,0.0
-6.713356678339172e-06,0.0
-6.553276638319162e-06,0.0
-6.393196598299153e-06,0.0
-6.233116558279143e-06,0.0
-6.073036518259133e-06,0.0
-5.912956478239122e-06,0.0
-5.752876438219112e-06,0.0
-5.592796398199102e-06,0.0
-5.432716358179093e-06,0.0
-5.272636318159083e-06,0.0
-5.112556278139073e-06,0.0
-4.952476238119062e-06,0.0
-4.792396198099052e-06,0.0
-4.632316158079042e-06,0.0
-4.4722361180590315e-06,0.0
-4.312156078039021e-06,0.0
-4.152076038019014e-06,0.0
-3.991995997999004e-06,0.0
-3.831915957978994e-06,0.0
-3.6718359179589835e-06,0.0
-3.511755877938973e-06,0.0
-3.351675837918963e-06,0.0
-3.1915957978989526e-06,0.0
-3.0315157578789424e-06,0.0
-2.871435717858932e-06,0.0
-2.711355677838922e-06,0.0
-2.5512756378189115e-06,0.0
-2.3911955977989012e-06,0.0
-2.2311155577788943e-06,0.0
-2.071035517758884e-06,0.0
-1.9109554777388738e-06,0.0
-1.7508754377188635e-06,0.0
-1.5907953976988532e-06,0.0
-1.430715357678843e-06,0.0
-1.2706353176588327e-06,0.0
-1.1105552776388224e-06,0.0
-9.504752376188121e-07,0.0
-7.903951975988018e-07,0.0
-6.303151575787915e-07,0.0
-4.7023511755878126e-07,0.0
-3.1015507753877437e-07,0.0
-1.5007503751876409e-07,0.0
1.0005002501246196e-08,4.552100463239839e-07
1.7008504252125648e-07,0.00013138560231640284
3.3016508254126676e-07,0.0004944310413115272
4.90245122561277e-07,0.001088648684280269
6.503251625812873e-07,0.0019130656919592592
8.104052026012976e-07,0.0029666794850427003
9.704852426213079e-07,0.004248458003996536
1.1305652826413182e-06,0.005757339972160436
1.2906453226613284e-06,0.007492235162089411
1.4507253626813353e-06,0.009452024665082659
1.6108054027013456e-06,0.011635561163851671
1.770885442721356e-06,0.01404166920826988
1.930965482741366e-06,0.016669145494158544
2.0910455227613765e-06,0.01951675914505069
2.2511255627813867e-06,0.02258325199688649
2.411205602801397e-06,0.02586733888558168
2.5712856428214073e-06,0.02936770793742083
2.7313656828414176e-06,0.033083020862219925
2.891445722861428e-06,0.03701191324920683
3.051525762881438e-06,0.04115299486556223
3.2116058029014484e-06,0.04550484995757342
3.3716858429214553e-06,0.05006603755434358
3.5317658829414656e-06,0.054835091773999256
3.691845922961476e-06,0.059810522132351496
3.851925962981486e-06,0.06499081385394567
4.0120060030014964e-06,0.07037442818545303
4.172086043021507e-06,0.07595980271134595
4.332166083041517e-06,0.08174535167180275
4.492246123061527e-06,0.08772946628279055
4.6523261630815376e-06,0.09391051505826287
4.812406203101548e-06,0.10028684413442845
4.972486243121558e-06,0.10685677759602674
5.132566283141568e-06,0.1136186178045584
5.292646323161575e-06,0.12057064572841947
5.452726363181586e-06,0.12771112127487516
5.612806403201596e-06,0.1350382836238253
5.772886443221606e-06,0.1425503515633051
5.932966483241616e-06,0.15024552382666068
6.093046523261627e-06,0.1581219794313511
6.253126563281637e-06,0.16617787801931705
6.413206603301647e-06,0.1744113601988584
6.5732866433216575e-06,0.18282054788797408
6.733366683341668e-06,0.19140354465909692
6.893446723361678e-06,0.20015843608517758
7.053526763381685e-06,0.20908329008705917
7.213606803401695e-06,0.21817615728208195
7.3736868434217056e-06,0.22743507133387286
7.533766883441716e-06,0.2368580493032546
7.693846923461726e-06,0.24644309200022452
7.853926963481736e-06,0.2561881843369469
8.014007003501747e-06,0.26609129568170387
8.174087043521757e-06,0.27615038021374727
8.334167083541767e-06,0.28636337727899885
8.494247123561778e-06,0.29672821174654485
8.654327163581788e-06,0.30724279436586666
8.814407203601798e-06,0.3179050221247546
8.974487243621805e-06,0.3287127786078523
9.134567283641815e-06,0.3396639343557726
9.294647323661826e-06,0.35075634722473326
9.454727363681836e-06,0.3619878627466604
9.614807403701846e-06,0.37335631448969897
9.774887443721856e-06,0.384859524419084
9.934967483741867e-06,0.3964953032583127
1.0095047523761877e-05,0.4082614508505684
1.0255127563781887e-05,0.4201557565203382
1.0415207603801898e-05,0.4321759994351746
1.0575287643821904e-05,0.444319948967546
1.0735367683841918e-05,0.4565853650567264
1.0895447723861925e-05,0.4689699985706641
1.1055527763881939e-05,0.48147159166778764
1.1215607803901946e-05,0.49408787815868394
1.137568784392196e-05,0.5068165838676126
1.1535767883941966e-05,0.5196554269937825
1.1695847923961973e-05,0.5326021184723666
1.1855927963981987e-05,0.5456543623351742
1.2016008004001994e-05,0.5588098560709542
1.2176088044022007e-05,0.5720662909852645
1.2336168084042014e-05,0.5854213525598577
1.2496248124062028e-05,0.5988727208115427
1.2656328164082035e-05,0.6124180706504555
1.2816408204102048e-05,0.6260550722377073
1.2976488244122055e-05,0.639781391342345
1.3136568284142069e-05,0.653594689697588
1.3296648324162076e-05,0.667492625356278
1.345672836418209e-05,0.6814728530455093
1.3616808404202096e-05,0.6955330245203746
1.3776888444222103e-05,0.7096707889167946
1.3936968484242117e-05,0.7238837931033686
1.4097048524262124e-05,0.7381696820322083
1.4257128564282137e-05,0.7525260990887083
1.4417208604302144e-05,0.7669506864401945
1.4577288644322158e-05,0.7814410853834244
1.4737368684342165e-05,0.7959949366908693
1.4897448724362179e-05,0.8106098809557559
1.5057528764382185e-05,0.825283558935801
1.52176088044022e-05,0.8400136118956142
1.5377688844422206e-05,0.8547976819477029
1.5537768884442213e-05,0.8696334123920576
1.5697848924462227e-05,0.8845184480542545
1.5857928964482234e-05,0.8994504356220407
1.6018009004502247e-05,0.9144270239803639
1.6178089044522254e-05,0.9294458645447894
1.6338169084542268e-05,0.9445046115932783
1.6498249124562275e-05,0.9596009225962705
1.6658329164582288e-05,0.9747324585450462
1.6818409204602295e-05,0.9898968842783047
1.697848924462231e-05,1.0050918688069452
1.7138569284642316e-05,1.0203150856369825
1.7298649324662323e-05,1.035564213090581
1.7458729364682336e-05,1.050836934625154
1.7618809404702343e-05,1.0661309391504854
1.7778889444722357e-05,1.0814439213438591
1.7938969484742364e-05,1.096773581963124
1.8099049524762377e-05,1.1121176281576854
1.8259129564782384e-05,1.1274737737773708
1.8419209604802398e-05,1.1428397396791392
1.8579289644822405e-05,1.1582132540315888
1.873936968484242e-05,1.1735920526172465
1.8899449724862425e-05,1.188973879132577
1.905952976488244e-05,1.204356485485702
1.9219609804902446e-05,1.2197376320917765
1.9379689844922453e-05,1.2351150881660014
1.9539769884942467e-05,1.2504866320142278
1.9699849924962473e-05,1.2658500513211275
1.9859929964982487e-05,1.2812031434358975
2.0020010005002494e-05,1.2965437156554565
2.0180090045022508e-05,1.3118695855051192
2.0340170085042515e-05,1.3271785810166965
2.0500250125062528e-05,1.3424685410040111
2.0660330165082535e-05,1.3577373153357815
2.082041020510255e-05,1.372982765205857
2.0980490245122556e-05,1.388202763400768
2.1140570285142563e-05,1.4033951945645653
2.1300650325162576e-05,1.4185579554609198
2.1460730365182583e-05,1.4336889552324523
2.1620810405202597e-05,1.4487861156572768
2.1780890445222604e-05,1.4638473714027103
2.1940970485242617e-05,1.4788706702761507
2.2101050525262624e-05,1.4938539734730687
2.2261130565282638e-05,1.5087952558221107
2.2421210605302645e-05,1.523692506027275
2.258129064532266e-05,1.5385437269071476
2.2741370685342665e-05,1.5533469356311576
2.2901450725362672e-05,1.5681001639528547
2.3061530765382686e-05,1.58280145844016
2.3221610805402693e-05,1.5974488807025824
2.3381690845422707e-05,1.6120405076153832
2.3541770885442713e-05,1.6265744315406507
2.3701850925462727e-05,1.6410487605452875
2.3861930965482734e-05,1.6554616186158662
2.4022011005502748e-05,1.6698111458703568
2.4182091045522755e-05,1.68409549876669
2.4342171085542768e-05,1.6983128503081504
2.4502251125562775e-05,1.7124613902455683
2.466233116558279e-05,1.7265393252763126
2.4822411205602796e-05,1.7405448792400455
2.4982491245622803e-05,1.7544762933112412
2.5142571285642816e-05,1.7683318261884444
2.5302651325662823e-05,1.7821097542802522
2.5462731365682837e-05,1.7958083718880125
2.5622811405702844e-05,1.8094259913852153
2.5782891445722857e-05,1.822960943393575
2.5942971485742864e-05,1.8364115769557752
2.6103051525762878e-05,1.849776259704883
2.6263131565782885e-05,1.8630533780304006
2.64232116058029e-05,1.8762413372409625
2.6583291645822905e-05,1.8893385617236507
2.6743371685842912e-05,1.9023434950999274
2.6903451725862926e-05,1.9152546003781774
2.7063531765882933e-05,1.9280703601028364
2.7223611805902946e-05,1.9407892765001216
2.7383691845922953e-05,1.9534098716203254
2.7543771885942967e-05,1.9659306874766953
2.7703851925962974e-05,1.9783502861808706
2.7863931965982988e-05,1.9906672500748805
2.8024012006002995e-05,2.0028801818596906
2.8184092046023008e-05,2.0149877047203058
2.8344172086043015e-05,2.026988462447401
2.8504252126063022e-05,2.038881119555504
2.8664332166083036e-05,2.050664361397703
2.8824412206103043e-05,2.0623368942768847
2.8984492246123056e-05,2.0738974455535026
2.9144572286143063e-05,2.0853447637498723
2.9304652326163077e-05,2.0966776186509843
2.9464732366183084e-05,2.1078948014018404
2.9624812406203097e-05,2.1189951246013177
2.9784892446223104e-05,2.129977422392541
2.9944972486243118e-05,2.1408405505497887
3.0105052526263125e-05,2.151583386561912
3.026513256628314e-05,2.1622048297122802
3.0425212606303145e-05,2.17270380115525
3.0585292646323156e-05,2.1830792439891633
3.074537268634316e-05,2.193330123325869
3.090545272636317e-05,2.2034554263567876
3.106553276638319e-05,2.2134541624154997
3.12256128064032e-05,2.223325363036883
3.1385692846423204e-05,2.2330680820127977
3.154577288644321e-05,2.2426813954443094
3.170585292646323e-05,2.2521644017904823
3.186593296648324e-05,2.2615162219137255
3.2026013006503245e-05,2.2707359991217113
3.218609304652325e-05,2.2798228992058682
3.234617308654326e-05,2.28877611047646
3.250625312656328e-05,2.2975948437942515
3.2666333166583286e-05,2.306278332598776
3.282641320660329e-05,2.3148258329332143
3.29864932466233e-05,2.3232366234658883
3.314657328664332e-05,2.3315100055083855
3.330665332666333e-05,2.3396453030303133
3.3466733366683334e-05,2.3476418626707183
3.362681340670334e-05,2.3554990537461498
3.378689344672336e-05,2.3632162682554054
3.394697348674337e-05,2.3707929208809513
3.4107053526763375e-05,2.37822844898705
3.426713356678338e-05,2.3855223126145924
3.442721360680339e-05,2.392673994472645
3.458729364682341e-05,2.3996829999267475
3.4747373686843416e-05,2.4065488569839486
3.490745372686342e-05,2.413271116274619
3.506753376688343e-05,2.419849351031033
3.522761380690345e-05,2.4262831570627528
3.538769384692346e-05,2.4325721527288238
3.5547773886943464e-05,2.438715978906797
3.570785392696347e-05,2.4447142989585964
3.586793396698349e-05,2.4505667986932482
3.60280140070035e-05,2.456273186326486
3.6188094047023505e-05,2.4618331924372607
3.634817408704351e-05,2.4672465699211563
3.650825412706352e-05,2.4725130939407474
3.666833416708354e-05,2.4776325618729045
3.6828414207103546e-05,2.482604793253073
3.698849424712355e-05,2.4874296297165444
3.714857428714356e-05,2.4921069349367393
3.730865432716358e-05,2.496636594560523
3.746873436718359e-05,2.501018516140574
3.7628814407203594e-05,2.5052526290648247
3.77888944472236e-05,2.509338884483004
3.794897448724361e-05,2.5132772552302862
3.810905452726363e-05,2.517067735748096
3.8269134567283636e-05,2.5207103420020593
3.842921460730364e-05,2.524205111397149
3.858929464732365e-05,2.527552102690035
3.874937468734367e-05,2.53075139589867
3.890945472736368e-05,2.533803092209122
3.9069534767383684e-05,2.536707313879698
3.922961480740369e-05,2.539464204142362
3.938969484742371e-05,2.5420739271014843
3.954977488744372e-05,2.5445366676299472
3.9709854927463725e-05,2.5468526312626256
3.986993496748373e-05,2.549022044087273
4.003001500750374e-05,2.551045152632838
4.019009504752376e-05,2.5529222237552394
4.0350175087543766e-05,2.554653544520616
4.051025512756377e-05,2.5562394220860947
4.067033516758378e-05,2.5576801835780905
4.08304152076038e-05,2.5589761759681684
4.099049524762381e-05,2.5601277659464965
4.1150575287643814e-05,2.561135339792922
4.1310655327663834e-05,2.5619993032456856
4.147073536768384e-05,2.5627200813678153
4.163081540770385e-05,2.5632981184112213
4.1790895447723855e-05,2.5637338776785237
4.195097548774386e-05,2.5640278413826345
4.211105552776388e-05,2.564180510504137
4.227113556778389e-05,2.564192404646476
4.2431215607803896e-05,2.564064061889
4.25912956478239e-05,2.563796038637876
4.2751375687843923e-05,2.563388909474919
4.291145572786393e-05,2.5628432670043497
4.307153576788394e-05,2.5621597216975256
4.3231615807903944e-05,2.5613389017356663
4.339169584792395e-05,2.560381452850609
4.355177588794397e-05,2.5592880381636203
4.371185592796398e-05,2.5580593380223022
4.3871935967983985e-05,2.556696049835613
4.403201600800399e-05,2.5551988879070446
4.419209604802401e-05,2.553568583265981
4.435217608804402e-05,2.5518058834972726
4.4512256128064026e-05,2.549911552569055
4.467233616808403e-05,2.54788637065885
4.4832416208104054e-05,2.5457311339779705
4.499249624812406e-05,2.543446654594274
4.515257628814407e-05,2.5410337602532858
4.5312656328164074e-05,2.5384932941977283
4.547273636818408e-05,2.535826114985494
4.56328164082041e-05,2.5330330963060836
4.579289644822411e-05,2.530115126795554
4.5952976488244115e-05,2.5270731098499946
4.611305652826412e-05,2.5239079634375816
4.627313656828414e-05,2.5206206199092294
4.643321660830415e-05,2.5172120258078765
4.6593296648324157e-05,2.5136831416764402
4.6753376688344163e-05,2.510034941864475
4.6913456728364184e-05,2.506268414333558
4.707353676838419e-05,2.5023845604614507
4.72336168084042e-05,2.4983843948450506
4.7393696848424205e-05,2.4942689451021867
4.755377688844421e-05,2.490039251672273
4.771385692846423e-05,2.4856963676158683
4.787393696848424e-05,2.4812413584131674
4.8034017008504246e-05,2.476675301761458
4.819409704852425e-05,2.4719992873715784
4.835417708854427e-05,2.467214416763411
4.851425712856428e-05,2.4623218030604437
4.867433716858429e-05,2.4573225707834228
4.8834417208604294e-05,2.4522178556431538
4.89944972486243e-05,2.4470088043324614
4.915457728864432e-05,2.441696574317348
4.931465732866433e-05,2.436282333627397
4.9474737368684335e-05,2.4307672606454327
4.963481740870434e-05,2.4251525438964863
4.979489744872436e-05,2.4194393818360993
4.995497748874437e-05,2.413628982637991
5.0115057528764376e-05,2.407722563981125
5.027513756878438e-05,2.4017213528362173
5.04352176088044e-05,2.395626585251705
5.059529764882441e-05,2.3894395061392224
5.075537768884442e-05,2.3831613690586018
5.0915457728864424e-05,2.3767934360024525
5.107553776888443e-05,2.3703369771803304
5.123561780890445e-05,2.3637932708025473
5.139569784892446e-05,2.3571636028636407
5.1555777888944465e-05,2.3504492669255432
5.171585792896447e-05,2.3436515639004876
5.187593796898449e-05,2.3367718018336694
5.20360180090045e-05,2.3298112956857104
5.2196098049024506e-05,2.3227713671149464
5.235617808904451e-05,2.3156533442595806
5.2516258129064534e-05,2.3084585615197275
5.267633816908454e-05,2.3011883593393834
5.283641820910455e-05,2.2938440839883523
5.2996498249124554e-05,2.286427087344162
5.315657828914456e-05,2.278938726674002
5.331665832916458e-05,2.2713803644167125
5.347673836918459e-05,2.2637533679648607
5.3636818409204595e-05,2.2560591094469244
5.37968984492246e-05,2.2482989655096333
5.395697848924462e-05,2.2404743171004773
5.411705852926463e-05,2.232586549250435
5.4277138569284637e-05,2.224637050856928
5.4437218609304643e-05,2.2166272144670565
5.459729864932465e-05,2.2085584360611326
5.475737868934467e-05,2.200432114836538
5.491745872936468e-05,2.192249652991953
5.5077538769384685e-05,2.1840124555119713
5.523761880940469e-05,2.175721929952131
5.539769884942471e-05,2.167379486224406
5.555777888944472e-05,2.1589865363831726
5.5717858929464726e-05,2.1505444944116787
5.587793896948473e-05,2.142054776009064
5.603801900950475e-05,2.13351879837794
5.619809904952476e-05,2.124937980012564
5.635817908954477e-05,2.1163137404876426
5.6518259129564774e-05,2.1076475002477872
5.667833916958478e-05,2.0989406803976447
5.68384192096048e-05,2.0901947024927456
5.699849924962481e-05,2.0814109883310845
5.7158579289644815e-05,2.072590959745459
5.731865932966482e-05,2.063736038396611
5.747873936968484e-05,2.0548476455671767
5.763881940970485e-05,2.0459272019564883
5.7798899449724856e-05,2.0369761274762404
5.795897948974486e-05,2.027995841047063
5.811905952976488e-05,2.01898776039601
5.827913956978489e-05,2.0099533018550044
5.84392196098049e-05,2.000893880160257
5.8599299649824904e-05,1.9918109082526845
5.875937968984491e-05,1.9827057970793536
5.891945972986493e-05,1.9735799553959832
5.907953976988494e-05,1.9644347895705143
5.9239619809904945e-05,1.9552717033877822
5.939969984992495e-05,1.9460920978553184
5.955977988994497e-05,1.9368973710102926
5.971985992996498e-05,1.927688917727636
5.9879939969984986e-05,1.9184681295293524
6.004002001000499e-05,1.909236394395052
6.0200100050025e-05,1.8999950965737251
6.036018009004502e-05,1.8907456163967837
6.052026013006503e-05,1.8814893300923843
6.0680340170085034e-05,1.8722276096010606
6.084042021010504e-05,1.8629618223926916
6.100050025012506e-05,1.8536933312848127
6.116058029014507e-05,1.8444234942623114
6.132066033016508e-05,1.8351536642985036
6.148074037018508e-05,1.8258851891776353
6.16408204102051e-05,1.8166194113188148
6.180090045022511e-05,1.807357667601404
6.196098049024512e-05,1.7981012891918766
6.212106053026512e-05,1.7888516013721782
6.228114057028513e-05,1.7796099233696008
6.244122061030515e-05,1.7703775681881813
6.260130065032516e-05,1.761155842441665
6.276138069034516e-05,1.7519460461880225
6.292146073036517e-05,1.7427494727655688
6.308154077038519e-05,1.7335674086306774
6.32416208104052e-05,1.7244011331971292
6.34017008504252e-05,1.7152519186770838
6.356178089044521e-05,1.7061210299237264
6.372186093046523e-05,1.6970097242755733
6.388194097048524e-05,1.6879192514024783
6.404202101050525e-05,1.6788508531533368
6.420210105052525e-05,1.6698057634055135
6.436218109054526e-05,1.6607852079160073
6.452226113056528e-05,1.651790404174367
6.468234117058529e-05,1.6428225612573766
6.48424212106053e-05,1.6338828796855103
6.50025012506253e-05,1.6249725512811963
6.516258129064532e-05,1.6160927590288765
6.532266133066533e-05,1.6072446769368973
6.548274137068534e-05,1.598429469901229
6.564282141070534e-05,1.5896482935710325
6.580290145072535e-05,1.5809022942160915
6.596298149074537e-05,1.5721926085961115
6.612306153076538e-05,1.563520363831906
6.628314157078538e-05,1.5548866772784724
6.644322161080539e-05,1.5462926563999853
6.660330165082541e-05,1.537739398646694
6.676338169084542e-05,1.52922799133376
6.692346173086542e-05,1.5207595115220254
6.708354177088543e-05,1.51233502590073
6.724362181090545e-05,1.5039555906721884
6.740370185092546e-05,1.495622251438438
6.756378189094547e-05,1.4873360430898506
6.772386193096547e-05,1.47909798969574
6.788394197098548e-05,1.4709091043969607
6.80440220110055e-05,1.4627703893005006
6.820410205102551e-05,1.4546828353760912
6.836418209104551e-05,1.4466474223548282
6.852426213106552e-05,1.4386651186298134
6.868434217108554e-05,1.4307368811588308
6.884442221110555e-05,1.4228636553690592
6.900450225112556e-05,1.415046375063819
6.916458229114556e-05,1.4072859623313734
6.932466233116558e-05,1.3995833274557832
6.948474237118559e-05,1.391939368829816
6.96448224112056e-05,1.3843549728699174
6.98049024512256e-05,1.3768310139332565
6.996498249124561e-05,1.3693683542368338
7.012506253126563e-05,1.3619678437786717
7.028514257128564e-05,1.3546303202610828
7.044522261130564e-05,1.3473566090160132
7.060530265132565e-05,1.3401475229324795
7.076538269134567e-05,1.3330038623860905
7.092546273136568e-05,1.325926415170656
7.108554277138569e-05,1.3189159564318882
7.124562281140569e-05,1.3119732486032003
7.14057028514257e-05,1.3050990413435928
7.156578289144572e-05,1.2982940714776405
7.172586293146573e-05,1.2915590629375773
7.188594297148573e-05,1.284894726707468
7.204602301150574e-05,1.2783017607694882
7.220610305152576e-05,1.2717808500522954
7.236618309154577e-05,1.265332666381494
7.252626313156577e-05,1.2589578684321998
7.268634317158578e-05,1.252657101683696
7.28464232116058e-05,1.2464309983761808
7.300650325162581e-05,1.2402801774696093
7.316658329164582e-05,1.234205244604621
7.332666333166582e-05,1.2282067920655533
7.348674337168583e-05,1.2222853987455418
7.364682341170585e-05,1.2164416301137
7.380690345172586e-05,1.2106760381843762
7.396698349174586e-05,1.204989161488483
7.412706353176587e-05,1.1993815250469029
7.428714357178589e-05,1.1938536403459514
7.44472236118059e-05,1.1884060053149135
7.46073036518259e-05,1.1830391043056252
7.476738369184591e-05,1.1777534080741154
7.492746373186593e-05,1.1725493737642931
7.508754377188594e-05,1.1674274448936783
7.524762381190595e-05,1.1623880513411613
7.540770385192595e-05,1.1574316093368031
7.556778389194596e-05,1.1525585214536498
7.572786393196598e-05,1.1477691766015683
7.588794397198599e-05,1.1430639500230955
7.6048024012006e-05,1.138443203291282
7.6208104052026e-05,1.1339072843095392
7.636818409204602e-05,1.1294565273134713
7.652826413206603e-05,1.1250912528746904
7.668834417208604e-05,1.1208117679065965
7.684842421210604e-05,1.1166183656721314
7.700850425212605e-05,1.112511325793478
7.716858429214607e-05,1.1084909142637125
7.732866433216608e-05,1.1045573834603917
7.748874437218608e-05,1.1007109721610653
7.764882441220609e-05,1.0969519055607087
7.780890445222611e-05,1.0932803952910644
7.796898449224612e-05,1.0896966394418788
7.812906453226612e-05,1.0862008225840285
7.828914457228613e-05,1.0827931157945232
7.844922461230615e-05,1.079473676683373
7.860930465232616e-05,1.0762426494223145
7.876938469234617e-05,1.0731001647753766
7.892946473236617e-05,1.0700463401312803
7.908954477238618e-05,1.0670812795376587
7.92496248124062e-05,1.0642050737370883
7.94097048524262e-05,1.0614178002049108
7.956978489244621e-05,1.0587195231888435
7.972986493246622e-05,1.0561102937503613
7.988994497248624e-05,1.0535901498078333
8.005002501250625e-05,1.0511591161814091
8.021010505252625e-05,1.048817204639636
8.037018509254626e-05,1.0465644139477934
8.053026513256628e-05,1.0444007299179343
8.069034517258629e-05,1.0423261254606206
8.08504252126063e-05,1.0403405606383298
8.10105052526263e-05,1.0384439827205294
8.117058529264631e-05,1.0366363262404015
8.133066533266633e-05,1.0349175130531953
8.149074537268634e-05,1.033287452396208
8.165082541270634e-05,1.0317460409503618
8.181090545272635e-05,1.0302931629033765
8.197098549274637e-05,1.0289286900145127
8.213106553276638e-05,1.0276524816808776
8.229114557278638e-05,1.0264643850052684
8.245122561280639e-05,1.025364234865549
8.26113056528264e-05,1.0243518539855339
8.277138569284642e-05,1.02342705300737
8.293146573286643e-05,1.0225896305653954
8.309154577288643e-05,1.0218393733614648
8.325162581290644e-05,1.021176056241714
8.341170585292646e-05,1.0205994422747613
8.357178589294647e-05,1.0201092828313176
8.373186593296647e-05,1.019705317665192
8.389194597298648e-05,1.019387274995677
8.40520260130065e-05,1.0191548715912946
8.421210605302651e-05,1.0190078128548854
8.437218609304652e-05,1.0189457929100265
8.453226613306652e-05,1.0189684946887527
8.469234617308653e-05,1.0190755900205755
8.485242621310655e-05,1.0192667397227693
8.501250625312656e-05,1.0195415936919154
8.517258629314656e-05,1.0198997909966825
8.533266633316657e-05,1.020340959971825
8.549274637318659e-05,1.0208647183133817
8.56528264132066e-05,1.021470673175057
8.58129064532266e-05,1.0221584212657655
8.597298649324661e-05,1.022927548948319
8.613306653326663e-05,1.0237776323392433
8.629314657328664e-05,1.0247082374096974
8.645322661330665e-05,1.0257189200874846
8.661330665332665e-05,1.0268092263601312
8.677338669334666e-05,1.027978692379015
8.693346673336668e-05,1.029226844564525
8.709354677338669e-05,1.0305531997122328
8.72536268134067e-05,1.031957265100056
8.74137068534267e-05,1.0334385385963956
8.757378689344672e-05,1.034996508769225
8.773386693346673e-05,1.0366306549961144
8.789394697348673e-05,1.0383404475751687
8.805402701350674e-05,1.040125347836862
8.821410705352675e-05,1.0419848082567431
8.837418709354677e-05,1.0439182725690024
8.853426713356678e-05,1.0459251758808672
8.869434717358678e-05,1.0480049447878184
8.885442721360679e-05,1.050156997489601
8.901450725362681e-05,1.0523807439070094
8.917458729364682e-05,1.0546755857994299
8.933466733366682e-05,1.0570409168831187
8.949474737368683e-05,1.0594761229501966
8.965482741370685e-05,1.0619805819883386
8.981490745372686e-05,1.0645536643011377
8.997498749374686e-05,1.0671947326291296
9.013506753376687e-05,1.0699031422714467
9.029514757378688e-05,1.0726782412080926
9.04552276138069e-05,1.0755193702228087
9.06153076538269e-05,1.0784258630265167
9.077538769384691e-05,1.081397046381318
9.093546773386692e-05,1.0844322402250255
9.109554777388694e-05,1.0875307577962108
9.125562781390695e-05,1.0906919057597473
9.141570785392695e-05,1.0939149843328257
9.157578789394696e-05,1.0971992874114256
9.173586793396698e-05,1.1005441026972196
9.189594797398699e-05,1.1039487118248923
9.2056028014007e-05,1.1074123904898536
9.2216108054027e-05,1.1109344085763249
9.237618809404701e-05,1.114514030285779
9.253626813406703e-05,1.1181505142657162
9.269634817408704e-05,1.1218431137387488
9.285642821410704e-05,1.1255910766319865
9.301650825412705e-05,1.129393645706689
9.317658829414707e-05,1.1332500586881777
9.333666833416708e-05,1.137159548395977
9.349674837418708e-05,1.1411213428741735
9.365682841420709e-05,1.1451346655219679
9.38169084542271e-05,1.1491987352244022
9.397698849424712e-05,1.1533127664832408
9.413706853426713e-05,1.1574759695479884
9.429714857428713e-05,1.1616875505470252
9.445722861430714e-05,1.165946711618833
9.461730865432716e-05,1.170252651043305
9.477738869434717e-05,1.1746045633731084
9.493746873436717e-05,1.1790016395650869
9.509754877438718e-05,1.1834430671116827
9.52576288144072e-05,1.1879280301723578
9.541770885442721e-05,1.1924557097049928
9.557778889444721e-05,1.1970252835972552
9.573786893446722e-05,1.201635926797902
9.589794897448723e-05,1.2062868114480094
9.605802901450725e-05,1.210977107012111
9.621810905452726e-05,1.2157059804092145
9.637818909454726e-05,1.2204725961436946
9.653826913456727e-05,1.2252761164360289
9.669834917458729e-05,1.2301157013533683
9.68584292146073e-05,1.2349905089399151
9.70185092546273e-05,1.239899695347103
9.717858929464731e-05,1.244842414963546
9.733866933466733e-05,1.2498178205447472
9.749874937468734e-05,1.2548250633425497
9.765882941470734e-05,1.2598632932343097
9.781890945472735e-05,1.264931658851769
9.797898949474736e-05,1.270029307709622
9.813906953476738e-05,1.2751553863337481
9.829914957478739e-05,1.2803090403890924
9.845922961480739e-05,1.285489414807191
9.86193096548274e-05,1.2906956539133045
9.877938969484742e-05,1.2959269015531572
9.893946973486743e-05,1.3011823012192576
9.909954977488743e-05,1.3064609961767895
9.925962981490744e-05,1.3117621295890467
9.941970985492745e-05,1.3170848446424108
9.957978989494747e-05,1.3224282846708382
9.973986993496747e-05,1.3277915932798496
9.989994997498748e-05,1.3331739144700119
0.00010006003001500749,1.3385743927598792
0.00010022011005502751,1.343992173308393
0.00010038019009504752,1.349426402036718
0.00010054027013506752,1.3548762257495015
0.00010070035017508753,1.3603407922555366
0.00010086043021510755,1.3658192504878206
0.00010102051025512756,1.3713107506229834
0.00010118059029514756,1.3768144442000858
0.00010134067033516757,1.3823294842387561
0.00010150075037518758,1.3878550253566637
0.0001016608304152076,1.3933902238863056
0.0001018209104552276,1.3989342379911003
0.00010198099049524761,1.4044862277807664
0.00010214107053526763,1.4100453554259795
0.00010230115057528763,1.415610785272285
0.00010246123061530765,1.421181683953265
0.00010262131065532767,1.4267572205029275
0.00010278139069534766,1.4323365664673287
0.00010294147073536768,1.437918896015393
0.00010310155077538767,1.4435033860489284
0.0001032616308154077,1.4490892163118272
0.00010342171085542771,1.4546755694984255
0.00010358179089544771,1.4602616313610288
0.00010374187093546773,1.4658465908165756
0.00010390195097548772,1.4714296400524272
0.00010406203101550774,1.4770099746312877
0.00010422211105552776,1.4825867935952193
0.00010438219109554776,1.4881592995687587
0.00010454227113556778,1.4937266988611209
0.0001047023511755878,1.4992882015674647
0.00010486243121560779,1.5048430216692272
0.00010502251125562781,1.5103903771335123
0.0001051825912956478,1.515929490011505
0.00010534267133566782,1.5214595865359286
0.00010550275137568785,1.5269798972175117
0.00010566283141570784,1.532489656940466
0.00010582291145572786,1.537988105056964
0.00010598299149574785,1.543474485480599
0.00010614307153576787,1.548948046778833
0.00010630315157578789,1.5544080422644007
0.00010646323161580789,1.5598537300856847
0.00010662331165582791,1.5652843733160375
0.0001067833916958479,1.570699240042038
0.00010694347173586792,1.5760976034506942
0.00010710355177588794,1.5814787419155556
0.00010726363181590793,1.5868419390817499
0.00010742371185592795,1.5921864839499293
0.00010758379189594798,1.597511670959106
0.00010774387193596797,1.6028168000683871
0.00010790395197598799,1.6081011768375966
0.00010806403201600798,1.6133641125067613
0.000108224112056028,1.6186049240744818
0.00010838419209604802,1.6238229343751494
0.00010854427213606802,1.6290174721550335
0.00010870435217608804,1.6341878721472096
0.00010886443221610803,1.6393334751453275
0.00010902451225612805,1.6444536280762232
0.00010918459229614807,1.6495476840713532
0.00010934467233616806,1.654615002537054
0.00010950475237618809,1.6596549492236286
0.0001096648324162081,1.6646668962932312
0.0001098249124562281,1.66965022238657
0.00010998499249624812,1.67460431268841
0.00011014507253626811,1.6795285589918694
0.00011030515257628813,1.6844223597615156
0.00011046523261630815,1.6892851201952377
0.00011062531265632815,1.6941162522849178
0.00011078539269634817,1.6989151748758715
0.00011094547273636816,1.703681313725064
0.00011110555277638818,1.7084141015581051
0.0001112656328164082,1.7131129781250025
0.0001114257128564282,1.7177773902546893
0.00011158579289644822,1.7224067919083106
0.00011174587293646824,1.7270006442312626
0.00011190595297648823,1.7315584156039954
0.00011206603301650825,1.736079581691568
0.00011222611305652824,1.740563625491945
0.00011238619309654826,1.7450100373830593
0.00011254627313656828,1.749418315168602
0.00011270635317658828,1.7537879641225704
0.0001128664332166083,1.758118497032556
0.00011302651325662829,1.7624094342417687
0.00011318659329664831,1.7666603036898083
0.00011334667333666833,1.7708706409521713
0.00011350675337668833,1.775039989278497
0.00011366683341670835,1.779167899629552
0.00011382691345672837,1.7832539307129487
0.00011398699349674836,1.7872976490176038
0.00011414707353676838,1.7912986288469324
0.00011430715357678837,1.7952564523507761
0.0001144672336168084,1.799170709556074
0.00011462731365682841,1.803040998396262
0.00011478739369684841,1.8068669247394162
0.00011494747373686843,1.8106481024151364
0.00011510755377688842,1.8143841532401572
0.00011526763381690844,1.8180747070427186
0.00011542771385692846,1.8217194016856584
0.00011558779389694846,1.825317883088262
0.00011574787393696848,1.828869805246851
0.0001159079539769885,1.8323748302541192
0.00011606803401700849,1.8358326283172157
0.00011622811405702851,1.839242877774586
0.0001163881940970485,1.8426052651115543
0.00011654827413706852,1.8459194849746745
0.00011670835417708854,1.8491852401848283
0.00011686843421710854,1.8524022417490904
0.00011702851425712856,1.8555702088713608
0.00011718859429714855,1.8586888689617558
0.00011734867433716857,1.861757957644778
0.00011750875437718859,1.864777218766256
0.00011766883441720859,1.8677464043990628
0.0001178289144572286,1.8706652748476205
0.0001179889944972486,1.8735335986511805
0.00011814907453726862,1.8763511525859085
0.00011830915457728864,1.879117721665749
0.00011846923461730863,1.8818330991421
0.00011862931465732865,1.884497086502285
0.00011878939469734867,1.887109493466835
0.00011894947473736867,1.8896701379855843
0.00011910955477738869,1.8921788462325857
0.00011926963481740868,1.8946354525998457
0.0001194297148574287,1.8970397996898947
0.00011958979489744872,1.8993917383071859
0.00011974987493746872,1.9016911274483363
0.00011990995497748874,1.9039378342912199
0.00012007003501750873,1.9061317341829027
0.00012023011505752875,1.9082727106264457
0.00012039019509754877,1.9103606552665664
0.00012055027513756876,1.9123954678741748
0.00012071035517758878,1.9143770563297868
0.0001208704352176088,1.9163053366058191
0.0001210305152576288,1.9181802327477806
0.00012119059529764882,1.920001676854358
0.00012135067533766881,1.9217696090564078
0.00012151075537768883,1.923483977494863
0.00012167083541770885,1.9251447382975555
0.00012183091545772885,1.9267518555549712
0.00012199099549774887,1.9283053012949376
0.00012215107553776886,1.9298050554562538
0.00012231115557778888,1.9312511058612736
0.0001224712356178089,1.932643448187445
0.0001226313156578289,1.9339820859378178
0.00012279139569784891,1.9352670304105288
0.00012295147573786894,1.9364983006672656
0.00012311155577788893,1.937675923500727
0.00012327163581790895,1.9387999334010824
0.00012343171585792894,1.9398703725214401
0.00012359179589794896,1.9408872906423351
0.00012375187593796898,1.941850745135242
0.00012391195597798898,1.942760800925127
0.000124072036018009,1.9436175304520433
0.000124232116058029,1.9444210136317812
0.000124392196098049,1.945171337815583
0.00012455227613806903,1.9458685977489294
0.00012471235617808902,1.9465128955294118
0.00012487243621810904,1.9471043405636945
0.00012503251625812907,1.9476430495235808
0.00012519259629814906,1.9481291463011905
0.00012535267633816908,1.948562761963259
0.00012551275637818907,1.9489440347045695
0.0001256728364182091,1.9492731098005276
0.0001258329164582291,1.9495501395588868
0.0001259929964982491,1.9497752832706374
0.00012615307653826913,1.9499487071600692
0.00012631315657828912,1.9500705843340154
0.00012647323661830914,1.9501410947302933
0.00012663331665832916,1.9501604250653473
0.00012679339669834915,1.9501287687811075
0.00012695347673836918,1.9500463259910752
0.0001271135567783892,1.949913303425644
0.0001272736368184092,1.9497299143766686
0.0001274337168584292,1.9494963786412933
0.0001275937968984492,1.949212922465048
0.00012775387693846922,1.948879778484227
0.00012791395697848924,1.9484971856675584
0.00012807403701850924,1.9480653892571749
0.00012823411705852926,1.9475846407089035
0.00012839419709854925,1.9470551976318753
0.00012855427713856927,1.9464773237274753
0.0001287143571785893,1.9458512887276398
0.00012887443721860929,1.9451773683325142
0.0001290345172586293,1.9444558441474804
0.0001291945972986493,1.9436870036195684
0.00012935467733866932,1.9428711399732626
0.00012951475737868934,1.9420085521457133
0.00012967483741870933,1.9410995447213666
0.00012983491745872935,1.9401444278660236
0.00012999499749874937,1.9391435172603408
0.00013015507753876937,1.9380971340327848
0.0001303151575787894,1.9370056046920496
0.00013047523761880938,1.935869261058954
0.0001306353176588294,1.9346884401978244
0.00013079539769884942,1.9334634843473808
0.00013095547773886942,1.9321947408511353
0.00013111555777888944,1.9308825620873125
0.00013127563781890943,1.9295273053983113
0.00013143571785892945,1.9281293330197102
0.00013159579789894947,1.9266890120088385
0.00013175587793896946,1.925206714172916
0.00013191595797898948,1.9236828159967791
0.0001320760380190095,1.9221176985702064
0.0001322361180590295,1.9205117475148499
0.00013239619809904952,1.9188653529107875
0.0001325562781390695,1.9171789092227134
0.00013271635817908953,1.9154528152257675
0.00013287643821910955,1.9136874739310277
0.00013303651825912955,1.9118832925106715
0.00013319659829914957,1.9100406822228138
0.00013335667833916956,1.9081600583360476
0.00013351675837918958,1.9062418400536845
0.0001336768384192096,1.9042864504377157
0.0001338369184592296,1.9022943163325046
0.00013399699849924961,1.900265868288218
0.00013415707853926963,1.8982015404840205
0.00013431715857928963,1.8961017706510241
0.00013447723861930965,1.8939669999950273
0.00013463731865932964,1.8917976731190391
0.00013479739869934966,1.8895942379456079
0.00013495747873936968,1.8873571456389677
0.00013511755877938968,1.8850868505270069
0.0001352776388194097,1.88278381002308
0.0001354377188594297,1.8804484845476699
0.0001355977988994497,1.8780813374499121
0.00013575787893946973,1.8756828349289947
0.00013591795897948972,1.8732534459554473
0.00013607803901950974,1.8707936421923237
0.00013623811905952976,1.8683038979163011
0.00013639819909954976,1.8657846899386994
0.00013655827913956978,1.863236497526432
0.00013671835917958977,1.8606598023229095
0.0001368784392196098,1.858055088268893
0.0001370385192596298,1.855422841523325
0.0001371985992996498,1.852763550384134
0.00013735867933966983,1.8500777052090358
0.00013751875937968982,1.8473657983363405
0.00013767883941970984,1.844628324005769
0.00013783891945972986,1.8418657782793053
0.00013799899949974985,1.8390786589620796
0.00013815907953976987,1.8362674655233038
0.0001383191595797899,1.8334326990172722
0.0001384792396198099,1.8305748620044286
0.0001386393196598299,1.8276944584725199
0.0001387993996998499,1.8247919937578467
0.00013895947973986992,1.8218679744666137
0.00013911955977988994,1.8189229083964051
0.00013927963981990994,1.8159573044577808
0.00013943971985992996,1.812971672596014
0.00013959979989994995,1.8099665237129814
0.00013975987993996997,1.806942369589208
0.00013991995997999,1.8038997228060885
0.00014008004002000998,1.8008390966682877
0.00014024012006003,1.797761005126332
0.00014040020010005,1.7946659626994086
0.00014056028014007002,1.791554484398372
0.00014072036018009004,1.7884270856489808
0.00014088044022011003,1.785284282215362
0.00014104052026013005,1.782126590123723
0.00014120060030015007,1.77895452558632
0.00014136068034017007,1.775768604925686
0.0001415207603801901,1.7725693444991362
0.00014168084042021008,1.7693572606235604
0.0001418409204602301,1.7661328695005012
0.00014200100050025012,1.7628966871415477
0.00014216108054027011,1.7596492292940338
0.00014232116058029014,1.7563910113670627
0.00014248124062031013,1.753122548357866
0.00014264132066033015,1.7498443547785043
0.00014280140070035017,1.7465569445829165
0.00014296148074037016,1.7432608310943343
0.00014312156078039018,1.7399565269330624
0.0001432816408204102,1.7366445439446425
0.0001434417208604302,1.733325393128404
0.00014360180090045022,1.7299995845664058
0.0001437618809404702,1.7266676273527937
0.00014392196098049023,1.723330029523565
0.00014408204102051025,1.71998729798676
0.00014424212106053024,1.7166399384530846
0.00014440220110055027,1.7132884553669687
0.00014456228114057026,1.709933351838083
0.00014472236118059028,1.7065751295732996
0.0001448824412206103,1.7032142888091286
0.0001450425212606303,1.6998513282446224
0.0001452026013006503,1.6964867449747585
0.00014536268134067033,1.6931210344243182
0.00014552276138069033,1.689754690282256
0.00014568284142071035,1.6863882044365717
0.00014584292146073034,1.6830220669097014
0.00014600300150075036,1.6796567657944192
0.00014616308154077038,1.6762927871902715
0.00014632316158079038,1.6729306151405428
0.0001464832416208104,1.6695707315697579
0.0001466433216608304,1.666213616221741
0.0001468034017008504,1.662859746598219
0.00014696348174087043,1.6595095978979957
0.00014712356178089042,1.6561636429566877
0.00014728364182091044,1.652822352187035
0.00014744372186093046,1.6494861935198002
0.00014760380190095046,1.6461556323452442
0.00014776388194097048,1.6428311314552027
0.00014792396198099047,1.639513150985764
0.0001480840420210105,1.636202148360545
0.0001482441220610305,1.6328985782345897
0.0001484042021010505,1.629602892438876
0.00014856428214107053,1.626315539925448
0.00014872436218109052,1.6230369667131845
0.00014888444222111054,1.6197676158341896
0.00014904452226113056,1.6165079272808351
0.00014920460230115055,1.6132583379534418
0.00014936468234117057,1.6100192816086079
0.00014952476238119057,1.6067911888082016
0.0001496848424212106,1.6035744868690052
0.0001498449224612306,1.60036959981303
0.0001500050025012506,1.597176948318498
0.00015016508254127062,1.5939969496714956
0.00015032516258129064,1.590830017718314
0.00015048524262131064,1.587676562818461
0.00015064532266133066,1.5845369917983696
0.00015080540270135065,1.5814117079057937
0.00015096548274137067,1.5783011107648968
0.0001511255627813907,1.5752055963320477
0.00015128564282141068,1.572125556852309
0.0001514457228614307,1.5690613808166376
0.0001516058029014507,1.5660134529197969
0.00015176588294147072,1.562982154018976
0.00015192596298149074,1.5599678610931331
0.00015208604302151073,1.556970947203053
0.00015224612306153075,1.5539917814521285
0.00015240620310155077,1.55103072894787
0.00015256628314157077,1.5480881507641426
0.00015272636318159079,1.5451644039041315
0.00015288644322161078,1.542259841264046
0.0001530465232616308,1.539374811597558
0.00015320660330165082,1.5365096594809766
0.00015336668334167081,1.5336647252791682
0.00015352676338169083,1.5308403451122146
0.00015368684342171083,1.528036850822822
0.00015384692346173085,1.5252545699444697
0.00015400700350175087,1.5224938256703167
0.00015416708354177086,1.5197549368228485
0.00015432716358179088,1.5170382178242825
0.0001544872436218109,1.514343978667725
0.0001546473236618309,1.5116725248890834
0.00015480740370185092,1.50902415753973
0.0001549674837418709,1.506399173159932
0.00015512756378189093,1.5037978637530258
0.00015528764382191095,1.5012205167603638
0.00015544772386193094,1.4986674150370116
0.00015560780390195096,1.4961388368282067
0.00015576788394197096,1.493635055746582
0.00015592796398199098,1.491156340750145
0.000156088044022011,1.48870295612102
0.000156248124062031,1.4862751614449548
0.000156408204102051,1.4838732115915814
0.00015656828414207103,1.4814973566954468
0.00015672836418209103,1.4791478421378008
0.00015688844422211105,1.4768249085291414
0.00015704852426213104,1.474528791692528
0.00015720860430215106,1.4722597226476486
0.00015736868434217108,1.4700179275956504
0.00015752876438219107,1.4678036279047273
0.0001576888444222111,1.465617040096464
0.0001578489244622311,1.4634583758329425
0.0001580090045022511,1.461327841904596
0.00015816908454227113,1.4592256402188277
0.00015832916458229112,1.4571519677893743
0.00015848924462231114,1.455107016726427
0.00015864932466233116,1.4530909742275036
0.00015880940470235116,1.4511040225690663
0.00015896948474237118,1.4491463390988886
0.00015912956478239117,1.4472180962291716
0.0001592896448224112,1.445319461430398
0.0001594497248624312,1.4434505972259342
0.0001596098049024512,1.441611661187369
0.00015976988494247123,1.4398028059305896
0.00015992996498249122,1.4380241791125963
0.00016009004502251124,1.4362759234290468
0.00016025012506253126,1.4345581766125355
0.00016041020510255125,1.4328710714315966
0.00016057028514257127,1.431214735690435
0.00016073036518259127,1.4295892922293816
0.0001608904452226113,1.4279948589260643
0.0001610505252626313,1.4264315486973003
0.0001612106053026513,1.4248994695017005
0.00016137068534267132,1.4233987243429844
0.00016153076538269134,1.4219294112740046
0.00016169084542271134,1.420491623401473
0.00016185092546273136,1.4190854488913907
0.00016201100550275135,1.4177109709751734
0.00016217108554277137,1.4163682679564724
0.0001623311655827914,1.4150574132186848
0.00016249124562281138,1.4137784752331517
0.0001626513256628314,1.4125315175680353
0.0001628114057028514,1.4113165988978817
0.00016297148574287142,1.410133773013851
0.00016313156578289144,1.4089830888346242
0.00016329164582291143,1.4078645904179732
0.00016345172586293145,1.4067783169729948
0.00016361180590295147,1.4057243028730015
0.00016377188594297147,1.404702577669068
0.00016393196598299149,1.4037131661042237
0.00016409204602301148,1.4027560881282948
0.0001642521260630315,1.4018313589133797
0.00016441220610305152,1.4009389888699673
0.0001645722861430715,1.4000789836636789
0.00016473236618309153,1.3992513442326402
0.00016489244622311153,1.398456066805473
0.00016505252626313155,1.397693142919902
0.00016521260630315157,1.3969625594419715
0.00016537268634317156,1.3962642985858715
0.00016553276638319158,1.3955983379343593
0.0001656928464232116,1.3949646504597786
0.0001658529264632316,1.394363204545669
0.00016601300650325162,1.3937939640089587
0.0001661730865432716,1.3932568881227356
0.00016633316658329163,1.3927519316395933
0.00016649324662331165,1.392279044815544
0.00016665332666333164,1.391838173434493
0.00016681340670335166,1.39142925883327
0.00016697348674337166,1.3910522379272123
0.00016713356678339168,1.39070704323629
0.0001672936468234117,1.3903936029117734
0.0001674537268634317,1.3901118407634299
0.0001676138069034517,1.3898616762872504
0.00016777388694347173,1.3896430246936968
0.00016793396698349173,1.3894557969364612
0.00016809404702351175,1.3892998997417374
0.00016825412706353174,1.3891752356379925
0.00016841420710355176,1.389081702986236
0.00016857428714357178,1.3890191960107774
0.00016873436718359177,1.3889876048304688
0.0001688944472236118,1.3889868154904241
0.0001690545272636318,1.3890167099942077
0.0001692146073036518,1.3890771663364894
0.00016937468734367183,1.3891680585361557
0.00016953476738369182,1.389289256669872
0.00016969484742371184,1.389440626906091
0.00016985492746373186,1.3896220315394965
0.00017001500750375186,1.38983332902588
0.00017017508754377188,1.3900743740174415
0.00017033516758379187,1.390345017398508
0.0001704952476238119,1.3906451063216616
0.0001706553276638319,1.3909744842442744
0.0001708154077038519,1.3913329909654366
0.00017097548774387192,1.3917204626632802
0.00017113556778389192,1.39213673193268
0.00017129564782391194,1.3925816278233365
0.00017145572786393196,1.393054975878224
0.00017161580790395195,1.393556598172404
0.00017177588794397197,1.3940863133521935
0.00017193596798399197,1.3946439366746786
0.00017209604802401199,1.3952292800475754
0.000172256128064032,1.3958421520694184
0.000172416208104052,1.396482358070081
0.00017257628814407202,1.3971497001516129
0.00017273636818409204,1.3978439772293914
0.00017289644822411203,1.3985649850735786
0.00017305652826413205,1.3993125163508762
0.00017321660830415205,1.4000863606665708
0.00017337668834417207,1.4008863046068656
0.0001735367683841921,1.4017121317814851
0.00017369684842421208,1.4025636228665532
0.0001738569284642321,1.40344055564773
0.0001740170085042521,1.4043427050636053
0.00017417708854427212,1.4052698432493391
0.00017433716858429214,1.4062217395805432
0.00017449724862431213,1.4071981607173938
0.00017465732866433215,1.4081988706489725
0.00017481740870435217,1.4092236307378228
0.00017497748874437216,1.4102721997647194
0.00017513756878439219,1.411344333973642
0.00017529764882441218,1.4124397871169425
0.0001754577288644322,1.4135583105007048
0.00017561780890445222,1.4146996530302833
0.0001757778889444722,1.415863561256017
0.00017593796898449223,1.4170497794191133
0.00017609804902451223,1.4182580494976855
0.00017625812906453225,1.4194881112529503
0.00017641820910455227,1.4207397022755641
0.00017657828914457226,1.4220125580321006
0.00017673836918459228,1.4233064119116583
0.0001768984492246123,1.4246209952725915
0.0001770585292646323,1.4259560374893565
0.00017721860930465232,1.4273112659994682
0.0001773786893446723,1.4286864063505564
0.00017753876938469233,1.4300811822475186
0.00017769884942471235,1.4314953155997563
0.00017785892946473234,1.4329285265684966
0.00017801900950475236,1.4343805336141817
0.00017817908954477236,1.4358510535439264
0.00017833916958479238,1.4373398015590335
0.0001784992496248124,1.4388464913025605
0.0001786593296648324,1.4403708349069289
0.0001788194097048524,1.4419125430415747
0.00017897948974487243,1.4434713249606248
0.00017913956978489243,1.4450468885505972
0.00017929964982491245,1.4466389403781195
0.00017945972986493244,1.4482471857376524
0.00017961980990495246,1.44987132869922
0.00017977988994497248,1.45151107215613
0.00017993996998499247,1.4531661178726858
0.0001801000500250125,1.4548361665318787
0.0001802601300650325,1.4565209177830536
0.0001804202101050525,1.4582200702895431
0.00018058029014507253,1.4599333217762616
0.00018074037018509252,1.4616603690772538
0.00018090045022511254,1.4634009081831927
0.00018106053026513256,1.4651546342888115
0.00018122061030515256,1.4669212418402773
0.00018138069034517258,1.4687004245824873
0.00018154077038519257,1.4704918756062848
0.0001817008504252126,1.4722952873955946
0.0001818609304652326,1.4741103518744587
0.0001820210105052526,1.475936760453979
0.00018218109054527262,1.4777742040791524
0.00018234117058529262,1.479622373275592
0.00018250125062531264,1.4814809581961341
0.00018266133066533266,1.4833496486673174
0.00018282141070535265,1.4852281342357336
0.00018298149074537267,1.4871161042142398
0.00018314157078539267,1.4890132477280271
0.00018330165082541269,1.4909192537605427
0.0001834617308654327,1.4928338111992514
0.0001836218109054527,1.4947566088812412
0.00018378189094547272,1.496687335638659
0.00018394197098549274,1.4986256803439704
0.00018410205102551273,1.5005713319550438
0.00018426213106553275,1.5025239795600485
0.00018442221110555275,1.5044833124221584
0.00018458229114557277,1.506449020024064
0.0001847423711855928,1.5084207921122772
0.00018490245122561278,1.5103983187412306
0.0001850625312656328,1.5123812903171636
0.0001852226113056528,1.5143693976417831
0.00018538269134567282,1.5163623319557096
0.00018554277138569284,1.5183597849816821
0.00018570285142571283,1.520361448967535
0.00018586293146573285,1.522367016728931
0.00018602301150575287,1.5243761816918457
0.00018618309154577286,1.5263886379348035
0.00018634317158579288,1.5284040802308567
0.00018650325162581288,1.5304222040892999
0.0001866633316658329,1.5324427057971206
0.00018682341170585292,1.5344652824601748
0.0001869834917458729,1.5364896320440868
0.00018714357178589293,1.5385154534148713
0.00018730365182591293,1.540542446379258
0.00018746373186593295,1.5425703117247398
0.00018762381190595297,1.5445987512593102
0.00018778389194597296,1.5466274678509098
0.00018794397198599298,1.548656165466565
0.000188104052026013,1.550684549211212
0.000188264132066033,1.552712325366215
0.00018842421210605301,1.554739201427559
0.000188584292146073,1.5567648861437204
0.00018874437218609303,1.558789089553215
0.00018890445222611305,1.5608115230218076
0.00018906453226613304,1.5628318992793904
0.00018922461230615306,1.5648499324565224
0.00018938469234617306,1.5668653381206197
0.00018954477238619308,1.5688778333118054
0.0001897048524262131,1.5708871365784014
0.0001898649324662331,1.5728929680120687
0.0001900250125062531,1.5748950492825868
0.00019018509254627313,1.5768931036722718
0.00019034517258629312,1.578886856110026
0.00019050525262631314,1.5808760332050198
0.00019066533266633314,1.5828603632799982
0.00019082541270635316,1.584839576404212
0.00019098549274637318,1.5868134044259665
0.00019114557278639317,1.5887815810047898
0.0001913056528264132,1.590743841643213
0.00019146573286643319,1.5926999237181583
0.0001916258129064532,1.5946495665119393
0.00019178589294647323,1.5965925112428605
0.00019194597298649322,1.5985285010954187
0.00019210605302651324,1.6004572812501079
0.00019226613306653326,1.6023785989128116
0.00019242621310655325,1.6042922033437943
0.00019258629314657328,1.6061978458862805
0.00019274637318659327,1.6080952799946207
0.0001929064532266133,1.609984261262044
0.0001930665332666333,1.6118645474479933
0.0001932266133066533,1.613735898505038
0.00019338669334667332,1.6155980766053701
0.00019354677338669332,1.617450846166868
0.00019370685342671334,1.6192939738787429
0.00019386693346673336,1.6211272287267484
0.00019402701350675335,1.6229503820179658
0.00019418709354677337,1.6247632074051535
0.00019434717358679336,1.6265654809106616
0.00019450725362681339,1.6283569809499132
0.0001946673336668334,1.6301374883544448
0.0001948274137068534,1.6319067863945078
0.00019498749374687342,1.633664660801231
0.00019514757378689344,1.635410899788336
0.00019530765382691343,1.6371452940734124
0.00019546773386693345,1.6388676368987456
0.00019562781390695345,1.6405777240516974
0.00019578789394697347,1.6422753538846386
0.0001959479739869935,1.643960327334433
0.00019610805402701348,1.64563244794147
0.0001962681340670335,1.6472915218682465
0.0001964282141070535,1.6489373579174949
0.00019658829414707352,1.65056976754986
0.00019674837418709354,1.6521885649011185
0.00019690845422711353,1.6537935667989463
0.00019706853426713355,1.65538459277923
0.00019722861430715357,1.6569614651019189
0.00019738869434717356,1.6585240087664244
0.00019754877438719358,1.66007205152656
0.00019770885442721358,1.6616054239050213
0.0001978689344672336,1.6631239592074138
0.00019802901450725362,1.6646274935358154
0.0001981890945472736,1.6661158658018853
0.00019834917458729363,1.6675889177395125
0.00019850925462731363,1.6690464939170035
0.00019866933466733365,1.6704884417488157
0.00019882941470735367,1.671914611506827
0.00019898949474737366,1.6733248563311502
0.00019914957478739368,1.6747190322404875
0.0001993096548274137,1.6760969981420264
0.0001994697348674337,1.677458615840878
0.00019962981490745371,1.6788037500490605
0.0001997898949474737,1.6801322683940187
0.00019994997498749373,1.6814440414266965
0.00020011005502751375,1.6827389426291428
0.00020027013506753374,1.6840168484216713
0.00020043021510755376,1.6852776381695616
0.00020059029514757376,1.6865211941893028
0.00020075037518759378,1.6877474017543934
0.0002009104552276138,1.688956149100679
0.0002010705352676338,1.690147327431245
0.0002012306153076538,1.6913208309208585
0.00020139069534767383,1.6924765567199571
0.00020155077538769382,1.6936144049581952
0.00020171085542771384,1.6947342787475403
0.00020187093546773384,1.6958360841849234
0.00020203101550775386,1.6969197303544477
0.00020219109554777388,1.6979851293291526
0.00020235117558779387,1.6990321961723358
0.0002025112556278139,1.700060848938439
0.00020267133566783389,1.7010710086734901
0.0002028314157078539,1.7020625994151135
0.00020299149574787393,1.7030355481921031
0.00020315157578789392,1.703989785023561
0.00020331165582791394,1.7049252429176085
0.00020347173586793396,1.7058418578696621
0.00020363181590795395,1.7067395688602875
0.00020379189594797397,1.7076183178526232
0.00020395197598799397,1.7084780497893821
0.000204112056028014,1.7093187125894331
0.000204272136068034,1.710140257143959
0.000204432216108054,1.7109426373122003
0.00020459229614807402,1.7117258099167838
0.00020475237618809402,1.712489734738636
0.00020491245622811404,1.7132343745114873
0.00020507253626813406,1.7139596949159683
0.00020523261630815405,1.7146656645732985
0.00020539269634817407,1.7153522550385745
0.00020555277638819406,1.7160194407936544
0.00020571285642821408,1.7166671992396467
0.0002058729364682341,1.717295510689
0.0002060330165082541,1.7179043583572038
0.00020619309654827412,1.7184937283540958
0.00020635317658829414,1.7190636096747842
0.00020651325662831413,1.7196139941901825
0.00020667333666833415,1.7201448766371656
0.00020683341670835415,1.7206562546083444
0.00020699349674837417,1.7211481285414654
0.0002071535767883942,1.7216205017084378
0.00020731365682841418,1.7220733802039894
0.0002074737368684342,1.722506772933957
0.0002076338169084542,1.7229206916032105
0.00020779389694847421,1.723315150703221
0.00020795397698849424,1.723690167499265
0.00020811405702851423,1.7240457620172802
0.00020827413706853425,1.7243819570303665
0.00020843421710855427,1.7246987780449416
0.00020859429714857426,1.7249962532865513
0.00020875437718859428,1.725274413685338
0.00020891445722861428,1.7255332928611737
0.0002090745372686343,1.7257729271084574
0.00020923461730865432,1.7259933553805828
0.0002093946973486743,1.7261946192740771
0.00020955477738869433,1.72637676301242
0.00020971485742871432,1.7265398334295385
0.00020987493746873434,1.7266838799529884
0.00021003501750875437,1.7268089545868226
0.00021019509754877436,1.7269151118941488
0.00021035517758879438,1.727002408979385
0.0002105152576288144,1.7270709054702102
0.0002106753376688344,1.727120663499221
0.0002108354177088544,1.727151747685291
0.0002109954977488744,1.7271642251146408
0.00021115557778889443,1.7271581653216261
0.00021131565782891445,1.7271336402692357
0.00021147573786893444,1.7270907243293192
0.00021163581790895446,1.7270294942625342
0.00021179589794897445,1.7269500291980266
0.00021195597798899448,1.7268524106128433
0.0002121160580290145,1.7267367223110819
0.0002122761380690345,1.7266030504027832
0.0002124362181090545,1.7264514832825681
0.00021259629814907453,1.7262821116080262
0.00021275637818909452,1.7260950282778553
0.00021291645822911454,1.7258903284097613
0.00021307653826913454,1.7256681093181196
0.00021323661830915456,1.7254284704914018
0.00021339669834917458,1.725171513569375
0.00021355677838919457,1.724897342320073
0.0002137168584292146,1.7246060626165483
0.00021387693846923458,1.7242977824134067
0.0002140370185092546,1.7239726117231287
0.00021419709854927463,1.7236306625921838
0.00021435717858929462,1.7232720490769387
0.00021451725862931464,1.722896887219367
0.00021467733866933466,1.7225052950225646
0.00021483741870935465,1.7220973924260694
0.00021499749874937467,1.7216733012809993
0.00021515757878939467,1.7212331453250047
0.0002153176588294147,1.7207770501570432
0.0002154777388694347,1.7203051432119802
0.0002156378189094547,1.7198175537350209
0.00021579789894947472,1.719314412755976
0.00021595797898949472,1.7187958530633678
0.00021611805902951474,1.7182620091783785
0.00021627813906953476,1.7177130173286472
0.00021643821910955475,1.71714901542192
0.00021659829914957477,1.716570143019555
0.00021675837918959476,1.7159765413098906
0.00021691845922961478,1.7153683530814772
0.0002170785392696348,1.714745722696181
0.0002172386193096548,1.7141087960621613
0.00021739869934967482,1.7134577206067245
0.00021755877938969484,1.712792645249066
0.00021771885942971483,1.7121137203728953
0.00021787893946973485,1.7114210977989548
0.00021803901950975485,1.7107149307574359
0.00021819909954977487,1.7099953738602944
0.00021835917958979489,1.7092625830734722
0.00021851925962981488,1.7085167156890286
0.0002186793396698349,1.7077579302971835
0.0002188394197098549,1.7069863867582837
0.00021899949974987491,1.7062022461746873
0.00021915957978989493,1.705405670862578
0.00021931965982991493,1.7045968243237095
0.00021947973986993495,1.7037758712170878
0.00021963981990995497,1.7029429773305913
0.00021979989994997496,1.702098309552538
0.00021995997998999498,1.7012420358431999
0.00022012006003001498,1.7003743252062722
0.000220280140070035,1.6994953476602983
0.00022044022011005502,1.69860527421006
0.000220600300150075,1.6977042768179298
0.00022076038019009503,1.696792528375198
0.00022092046023011502,1.695870202673371
0.00022108054027013504,1.694937474375452
0.00022124062031015506,1.6939945189872028
0.00022140070035017506,1.6930415128283942
0.00022156078039019508,1.692078633004048
0.0002217208604302151,1.6911060573756755
0.0002218809404702351,1.690123964532517
0.0002220410205102551,1.689132533762782
0.0002222011005502751,1.6881319450249048
0.00022236118059029513,1.6871223789188052
0.00022252126063031515,1.6861040166571728
0.00022268134067033514,1.6850770400367674
0.00022284142071035516,1.684041631409748
0.00022300150075037515,1.682997973655029
0.00022316158079039517,1.6819462501496685
0.0002233216608304152,1.680886644740299
0.0002234817408704352,1.679819341714593
0.0002236418209104552,1.6787445257727782
0.00022380190095047523,1.6776623819992
0.00022396198099049522,1.6765730958339382
0.00022412206103051524,1.6754768530444797
0.00022428214107053526,1.6743738396974537
0.00022444222111055526,1.6732642421304305
0.00022460230115057525,1.6721482469237898
0.0002247623811905953,1.6710260408726603
0.0002249224612306153,1.6698978109589389
0.00022508254127063528,1.6687637443233847
0.00022524262131065533,1.667624028237803
0.00022540270135067533,1.6664788500773122
0.00022556278139069532,1.6653283972927038
0.0002257228614307153,1.6641728573828982
0.00022588294147073536,1.663012417867497
0.00022604302151075535,1.6618472662594408
0.00022620310155077535,1.6606775900377682
0.0002263631815907954,1.659503576620488
0.0002265232616308154,1.6583254133375653
0.00022668334167083538,1.6571432874040173
0.00022684342171085543,1.6559573858931365
0.00022700350175087542,1.654767895709834
0.00022716358179089541,1.6535750035641092
0.00022732366183091546,1.6523788959446484
0.00022748374187093546,1.6511797590925619
0.00022764382191095545,1.6499777789752517
0.00022780390195097544,1.6487731412604212
0.0002279639819909955,1.6475660312902318
0.00022812406203101548,1.6463566340556004
0.00022828414207103548,1.64514513417065
0.00022844422211105552,1.6439317158473106
0.00022860430215107552,1.642716562870081
0.0002287643821910955,1.6414998585709424
0.00022892446223111556,1.6402817858044378
0.00022908454227113555,1.6390625269229195
0.00022924462231115554,1.6378422637519567
0.0002294047023511756,1.6366211775659216
0.00022956478239119559,1.635399449063746
0.00022972486243121558,1.634177258344852
0.00022988494247123557,1.6329547848852684
0.00023004502251125562,1.6317322075139216
0.0002302051025512756,1.630509704389121
0.0002303651825912956,1.6292874529752224
0.00023052526263131565,1.6280656300194858
0.00023068534267133565,1.6268444115291316
0.00023084542271135564,1.6256239727485806
0.0002310055027513757,1.6244044881369037
0.00023116558279139568,1.6231861313454663
0.00023132566283141568,1.6219690751957752
0.00023148574287143567,1.620753491657535
0.00023164582291145572,1.6195395518269087
0.0002318059029514757,1.6183274259049936
0.0002319659829914957,1.6171172831765013
0.00023212606303151575,1.6159092919886628
0.00023228614307153574,1.614703619730345
0.00023244622311155574,1.6135004328113847
0.00023260630315157578,1.612299896642151
0.00023276638319159578,1.6111021756133252
0.00023292646323161577,1.6099074330759107
0.00023308654327163582,1.6087158313214651
0.0002332466233116558,1.6075275315625717
0.0002334067033516758,1.6063426939135317
0.0002335667833916958,1.6051614773712974
0.00023372686343171585,1.60398403979664
0.00023388694347173584,1.6028105378955517
0.00023404702351175583,1.6016411272008908
0.00023420710355177588,1.600475962054265
0.00023436718359179587,1.5993151955881586
0.00023452726363181587,1.5981589797083047
0.00023468734367183591,1.5970074650763002
0.0002348474237118559,1.5958608010924744
0.0002350075037518759,1.5947191358789987
0.00023516758379189595,1.5935826162632543
0.00023532766383191594,1.5924513877614483
0.00023548774387193594,1.5913255945624818
0.00023564782391195593,1.5902053795120774
0.00023580790395197598,1.5890908840971574
0.00023596798399199597,1.5879822484304857
0.00023612806403201596,1.586879611235563
0.000236288144072036,1.5857831098317825
0.000236448224112056,1.584692880119852
0.000236608304152076,1.5836090565674708
0.00023676838419209604,1.5825317721952745
0.00023692846423211604,1.5814611585630445
0.00023708854427213603,1.580397345756178
0.00023724862431215608,1.57934046237243
0.00023740870435217607,1.5782906355089203
0.00023756878439219607,1.5772479907494057
0.00023772886443221606,1.5762126521518252
0.0002378889444722361,1.5751847422361125
0.0002380490245122561,1.5741643819722815
0.0002382091045522761,1.5731516907687766
0.00023836918459229614,1.5721467864611025
0.00023852926463231613,1.5711497853007217
0.00023868934467233613,1.5701608019442255
0.00023884942471235618,1.5691799494427783
0.00023900950475237617,1.5682073392318385
0.00023916958479239616,1.5672430811211495
0.0002393296648324162,1.5662872832850072
0.0002394897448724362,1.565340052252806
0.0002396498249124562,1.5644014928998524
0.0002398099049524762,1.5634717084384635
0.00023996998499249624,1.5625508004093347
0.00024013006503251623,1.5616388686731857
0.00024029014507253622,1.560736011402685
0.00024045022511255627,1.5598423250746447
0.00024061030515257626,1.5589579044625013
0.00024077038519259626,1.558082842629063
0.0002409304652326163,1.5572172309195396
0.0002410905452726363,1.5563611589548487
0.0002412506253126563,1.5555147146251942
0.00024141070535267634,1.5546779840839264
0.00024157078539269633,1.5538510517416744
0.00024173086543271633,1.5530340002607546
0.00024189094547273632,1.552226910549858
0.00024205102551275637,1.5514298617590079
0.00024221110555277636,1.550642931274799
0.00024237118559279635,1.5498661947159031
0.0002425312656328164,1.5490997259288575
0.0002426913456728364,1.548343596984121
0.0002428514257128564,1.5475978781724058
0.00024301150575287644,1.5468626380012822
0.00024317158579289643,1.5461379431920557
0.00024333166583291642,1.5454238586769147
0.00024349174587293647,1.5447204475963496
0.00024365182591295646,1.5440277712968447
0.00024381190595297646,1.5433458893288354
0.00024397198599299645,1.542674859444938
0.0002441320660330165,1.5420147375984459
0.0002442921460730365,1.5413655779420945
0.0002444522261130565,1.540727432827091
0.00024461230615307653,1.5401003528024109
0.0002447723861930965,1.53948438661436
0.0002449324662331165,1.5388795812063973
0.00024509254627313657,1.5382859817192247
0.00024525262631315656,1.537703631491135
0.00024541270635317655,1.5371325720586226
0.0002455727863931966,1.536572843157253
0.0002457328664332166,1.5360244827227922
0.0002458929464732366,1.53548752689259
0.0002460530265132566,1.5349620100072248
0.00024621310655327663,1.5344479646123972
0.0002463731865932966,1.533945421461084
0.0002465332666333166,1.5334544095159377
0.00024669334667333666,1.5329749559519423
0.00024685342671335666,1.532507086159318
0.00024701350675337665,1.53205082374667
0.0002471735867933967,1.5316061905443907
0.0002473336668334167,1.5311732066083035
0.0002474937468734367,1.5307518902235502
0.00024765382691345673,1.5303422579087231
0.0002478139069534767,1.5299443244202378
0.0002479739869934967,1.529558102756943
0.0002481340670335167,1.5291836041649718
0.00024829414707353676,1.528820838142826
0.00024845422711355675,1.5284698124466982
0.00024861430715357674,1.5281305330960224
0.0002487743871935968,1.5278030043792612
0.0002489344672336168,1.527487228859918
0.0002490945472736368,1.5271832073827791
0.0002492546273136568,1.5268909390803818
0.0002494147073536768,1.5266104213797063
0.0002495747873936968,1.5263416500090887
0.00024973486743371686,1.5260846190053572
0.00024989494747373685,1.5258393207211844
0.00025005502751375685,1.5256057458326568
0.00025021510755377684,1.5253838833470605
0.0002503751875937969,1.5251737206108782
0.0002505352676338169,1.5249752433179968
0.0002506953476738369,1.5247884355181254
0.0002508554277138569,1.5246132796254181
0.0002510155077538769,1.5244497564273038
0.0002511755877938969,1.5242978450935163
0.00025133566783391696,1.5241575231853266
0.00025149574787393695,1.5240287666649732
0.00025165582791395694,1.5239115499052884
0.000251815907953977,1.5238058456995198
0.000251975987993997,1.5237116252713419
0.000252136068034017,1.5236288582850601
0.00025229614807403697,1.5235575128559997
0.000252456228114057,1.5234975555610824
0.000252616308154077,1.5234489514495841
0.000252776388194097,1.523411664054076
0.00025293646823411705,1.5233856554015408
0.00025309654827413705,1.5233708860246689
0.00025325662831415704,1.5233673149733251
0.0002534167083541771,1.523374899826191
0.0002535767883941971,1.5233935967025711
0.0002537368684342171,1.523423360274372
0.00025389694847423707,1.5234641437782415
0.0002540570285142571,1.5235158990278719
0.0002542171085542771,1.5235785764264622
0.0002543771885942971,1.5236521249793382
0.00025453726863431715,1.523736492306728
0.00025469734867433714,1.5238316246566872
0.00025485742871435714,1.5239374669181784
0.0002550175087543772,1.5240539626342935
0.0002551775887943972,1.5241810540156249
0.00025533766883441717,1.524318681953776
0.0002554977488744372,1.5244667860350147
0.0002556578289144572,1.5246253045540616
0.0002558179089544772,1.524794174528015
0.0002559779889944972,1.5249733317104064
0.00025613806903451724,1.525162710605389
0.00025629814907453724,1.5253622444820503
0.00025645822911455723,1.5255718653888493
0.0002566183091545773,1.5257915041681795
0.00025677838919459727,1.5260210904710476
0.00025693846923461727,1.5262605527718702
0.0002570985492746373,1.526509818383386
0.0002572586293146573,1.5267688134716788
0.0002574187093546773,1.5270374630713086
0.00025757878939469735,1.5273156911005519
0.00025773886943471734,1.5276034203767428
0.00025789894947473733,1.5279005726317176
0.00025805902951475733,1.5282070685273574
0.0002582191095547774,1.5285228276712255
0.00025837918959479737,1.5288477686323
0.00025853926963481736,1.529181808956796
0.0002586993496748374,1.5295248651840754
0.0002588594297148574,1.5298768528626436
0.0002590195097548774,1.530237686566228
0.00025917958979489744,1.5306072799099353
0.00025933966983491744,1.5309855455664891
0.00025949974987493743,1.5313723952825402
0.0002596598299149575,1.5317677398950496
0.00025981990995497747,1.5321714893477392
0.00025997998999499746,1.532583552707614
0.00026014007003501746,1.5330038381815432
0.0002603001500750375,1.5334322531329054
0.0002604602301150575,1.533868704098292
0.0002606203101550775,1.5343130968042675
0.00026078039019509754,1.5347653361841822
0.00026094047023511753,1.5352253263950364
0.0002611005502751375,1.5356929708343927
0.0002612606303151576,1.5361681721573344
0.00026142071035517757,1.5366508322934649
0.00026158079039519756,1.5371408524639505
0.0002617408704352176,1.5376381331985984
0.0002619009504752376,1.5381425743529693
0.0002620610305152576,1.538654075125526
0.0002622211105552776,1.5391725340748073
0.00026238119059529764,1.5396978491366329
0.00026254127063531763,1.5402299176413288
0.0002627013506753376,1.5407686363309794
0.00026286143071535767,1.5413139013766959
0.00026302151075537766,1.5418656083959006
0.00026318159079539766,1.54242365246963
0.0002633416708354177,1.542987928159844
0.0002635017508754377,1.5435583295267474
0.0002636618309154577,1.5441347501461182
0.00026382191095547774,1.5447170831266384
0.00026398199099549773,1.5453052211272265
0.0002641420710355177,1.5458990563743693
0.0002643021510755377,1.5464984806794513
0.00026446223111555777,1.5471033854560756
0.00026462231115557776,1.547713661737377
0.00026478239119559775,1.5483292001933258
0.0002649424712356178,1.5489498911480162
0.0002651025512756378,1.5495756245969385
0.0002652626313156578,1.5502062902242346
0.00026542271135567783,1.550841777419931
0.00026558279139569783,1.551481975297149
0.0002657428714357178,1.5521267727092884
0.00026590295147573787,1.5527760582671868
0.00026606303151575786,1.5534297203562408
0.00026622311155577786,1.5540876471535041
0.00026638319159579785,1.5547497266447408
0.0002665432716358179,1.555415846641448
0.0002667033516758379,1.5560858947978353
0.0002668634317158579,1.5567597586277628
0.00026702351175587793,1.5574373255216347
0.0002671835917958979,1.5581184827632448
0.0002673436718359179,1.5588031175465755
0.00026750375187593796,1.5594911169925436
0.00026766383191595796,1.560182368165691
0.00026782391195597795,1.5608767580908245
0.000267983991995998,1.5615741737695918
0.000268144072036018,1.562274502197001
0.000268304152076038,1.5629776303778777
0.000268464232116058,1.5636834453432549
0.000268624312156078,1.564391834166699
0.000268784392196098,1.5651026839805646
0.000268944472236118,1.5658158819921828
0.00026910455227613806,1.5665313154999698
0.00026926463231615805,1.5672488719094662
0.00026942471235617805,1.5679684387492971
0.0002695847923961981,1.568689903687053
0.0002697448724362181,1.5694131545450891
0.0002699049524762381,1.5701380793162434
0.00027006503251625813,1.5708645661794685
0.0002702251125562781,1.5715925035153744
0.0002703851925962981,1.5723217799216869
0.0002705452726363181,1.5730522842286123
0.00027070535267633816,1.5737839055141083
0.00027086543271635815,1.574516533119063
0.00027102551275637814,1.575250056662376
0.0002711855927963982,1.5759843660559416
0.0002713456728364182,1.5767193515195312
0.0002715057528764382,1.5774549035955754
0.0002716658329164582,1.5781909131638419
0.0002718259129564782,1.5789272714560054
0.0002719859929964982,1.5796638700701164
0.00027214607303651826,1.5804006009849552
0.00027230615307653825,1.5811373565742775
0.00027246623311655825,1.5818740296209517
0.00027262631315657824,1.5826105133309756
0.0002727863931965983,1.5833467013473843
0.0002729464732366183,1.5840824877640358
0.0002731065532766383,1.5848177671392831
0.0002732666333166583,1.5855524345095235
0.0002734267133566783,1.586286385402625
0.0002735867933966983,1.587019515851235
0.00027374687343671836,1.5877517224059587
0.00027390695347673835,1.5884829021484153
0.00027406703351675834,1.589212952704166
0.0002742271135567784,1.5899417722555131
0.0002743871935967984,1.5906692595541685
0.0002745472736368184,1.5913953139337924
0.00027470735367683837,1.5921198353223986
0.0002748674337168584,1.5928427242546253
0.0002750275137568784,1.5935638818838693
0.0002751875937968984,1.5942832099942892
0.00027534767383691845,1.5950006110126638
0.00027550775387693844,1.5957159880201157
0.00027566783391695844,1.5964292447636945
0.0002758279139569785,1.5971402856678185
0.0002759879939969985,1.5978490158455723
0.00027614807403701847,1.598555341109863
0.00027630815407703847,1.5992591679844332
0.0002764682341170585,1.5999604037147233
0.0002766283141570785,1.6006589562785922
0.0002767883941970985,1.6013547343968892
0.00027694847423711855,1.6020476475438752
0.00027710855427713854,1.6027376059574963
0.00027726863431715853,1.6034245206495077
0.0002774287143571786,1.6041083034154444
0.0002775887943971986,1.6047888668444399
0.00027774887443721857,1.605466124328893
0.0002779089544772386,1.6061399900739812
0.0002780690345172586,1.6068103791070159
0.0002782291145572786,1.6074772072866477
0.0002783891945972986,1.6081403913119101
0.00027854927463731864,1.6087998487311108
0.00027870935467733864,1.6094554979505606
0.00027886943471735863,1.6101072582431502
0.0002790295147573787,1.6107550497567629
0.00027918959479739867,1.6113987935225291
0.00027934967483741866,1.6120384114629236
0.0002795097548774387,1.6126738263996978
0.0002796698349174587,1.6133049620616535
0.0002798299149574787,1.6139317430922553
0.00027998999499749875,1.6145540950570791
0.00028015007503751874,1.615171944451099
0.00028031015507753873,1.6157852187058106
0.0002804702351175587,1.6163938461961922
0.0002806303151575788,1.6169977562474998
0.00028079039519759877,1.6175968791418995
0.00028095047523761876,1.618191146124936
0.0002811105552776388,1.618780489411834
0.0002812706353176588,1.619364842193636
0.0002814307153576788,1.6199441386431743
0.00028159079539769884,1.620518313920878
0.00028175087543771884,1.6210873041804128
0.00028191095547773883,1.6216510465741552
0.0002820710355177589,1.6222094792585022
0.00028223111555777887,1.6227625413990119
0.00028239119559779886,1.6233101731753794
0.00028255127563781886,1.6238523157862463
0.0002827113556778389,1.6243889114538421
0.0002828714357178589,1.6249199034284605
0.0002830315157578789,1.625445235992769
0.00028319159579789894,1.6259648544659504
0.00028335167583791893,1.6264787052076792
0.0002835117558779389,1.6269867356219307
0.00028367183591795897,1.6274888941606254
0.00028383191595797897,1.627985130327102
0.00028399199599799896,1.6284753946794321
0.000284152076038019,1.6289596388335619
0.000284312156078039,1.6294378154662905
0.000284472236118059,1.6299098783180845
0.000284632316158079,1.6303757821957237
0.00028479239619809903,1.6308354829747838
0.00028495247623811903,1.6312889376019537
0.000285112556278139,1.6317361040971883
0.00028527263631815907,1.6321769415556964
0.00028543271635817906,1.632611410149765
0.00028559279639819906,1.6330394711304208
0.0002857528764382191,1.6334610868289268
0.0002859129564782391,1.6338762206581174
0.0002860730365182591,1.6342848371135708
0.00028623311655827914,1.63468690177462
0.00028639319659829913,1.6350823813051998
0.0002865532766383191,1.6354712434545373
0.0002867133566783391,1.6358534570576786
0.00028687343671835916,1.636228992035855
0.00028703351675837916,1.6365978193966937
0.00028719359679839915,1.6369599112342657
0.0002873536768384192,1.637315240728978
0.0002875137568784392,1.6376637821473075
0.0002876738369184592,1.6380055108413774
0.00028783391695847923,1.6383404032483786
0.0002879939969984992,1.6386684368898348
0.0002881540770385192,1.6389895903707126
0.00028831415707853927,1.6393038433783784
0.00028847423711855926,1.6396111766814
0.00028863431715857925,1.639911572128199
0.00028879439719859925,1.6402050126455467
0.0002889544772386193,1.6404914822369139
0.0002891145572786393,1.6407709659806664
0.0002892746373186593,1.6410434500281132
0.00028943471735867933,1.6413089216014072
0.0002895947973986993,1.6415673689912942
0.0002897548774387193,1.6418187815547207
0.00028991495747873936,1.6420631497122908
0.00029007503751875936,1.6423004649455812
0.00029023511755877935,1.6425307197943122
0.0002903951975987994,1.6427539078533733
0.0002905552776388194,1.6429700237697091
0.0002907153576788394,1.6431790632390644
0.0002908754377188594,1.6433810230025867
0.0002910355177588794,1.6435759008432926
0.0002911955977988994,1.6437636955823944
0.0002913556778389194,1.643944407075491
0.00029151575787893946,1.6441180362086218
0.00029167583791895945,1.6442845848941876
0.00029183591795897945,1.6444440560667355
0.0002919959979989995,1.6445964536786144
0.0002921560780390195,1.644741782695496
0.0002923161580790395,1.644880049091768
0.00029247623811905953,1.6450112598457978
0.0002926363181590795,1.645135422935067
0.0002927963981990995,1.645252547331181
0.0002929564782391195,1.6453626429947525
0.00029311655827913956,1.645465720870161
0.00029327663831915955,1.645561792880189
0.00029343671835917954,1.6456508719205358
0.0002935967983991996,1.6457329718542144
0.0002937568784392196,1.6458081075058233
0.0002939169584792396,1.6458762946557064
0.0002940770385192596,1.6459375500339926
0.0002942371185592796,1.6459918913145213
0.0002943971985992996,1.6460393371086541
0.00029455727863931966,1.646079906958974
0.00029471735867933965,1.6461136213328726
0.00029487743871935964,1.6461405016160287
0.00029503751875937964,1.6461605701057767
0.0002951975987993997,1.6461738500043699
0.0002953576788394197,1.646180365412136
0.00029551775887943967,1.6461801413205306
0.0002956778389194597,1.646173203605084
0.0002958379189594797,1.6461595790182522
0.0002959979989994997,1.6461392951821616
0.00029615807903951975,1.6461123805812596
0.00029631815907953975,1.6460788645548665
0.00029647823911955974,1.6460387772896303
0.0002966383191595798,1.64599214981189
0.0002967983991995998,1.6459390139799435
0.0002969584792396198,1.645879402476226
0.00029711855927963977,1.6458133487993978
0.0002972786393196598,1.645740887256343
0.0002974387193596798,1.6456620529540835
0.0002975987993996998,1.6455768817916052
0.00029775887943971985,1.645485410451602
0.00029791895947973984,1.645387676392137
0.00029807903951975984,1.6452837178382236
0.0002982391195597799,1.6451735737733253
0.0002983991995997999,1.6450572839307813
0.00029855927963981987,1.6449348887851518
0.00029871935967983986,1.6448064295434923
0.0002988794397198599,1.6446719481365533
0.0002990395197598799,1.6445314872099075
0.0002991995997998999,1.6443850901150099
0.00029935967983991995,1.644232800900186
0.00029951975987993994,1.6440746643015574
0.00029967983991995993,1.643910725733897
0.00029983991995998,1.643741031281426
0.0003,1.6435656276885453
